2.44392741,4.813713819,4.900071152,2.306616247,3.925074222,7.577240558,7.6826534,4.270204802,2.453792597,6.488626679,7.161431168,3.446796318,3.902018784,5.273566653,5.713842681,2.252924218,-0.137781385,?,?,?,?,?,?,-3.005787093,1.4772009,3.506956352,4.097316954,1.947071291,2.492556644,?,6.794118783,3.706358078,0.5610312,2.721299065,4.794240773,2.4599538,0.65252446,1.2781039,1.830115759,1.514637698,1.343790459,5.19886513,5.520658823,0.966609999,?,3.451447909,4.085402298,-1.231542114,1.443145965,3.244787245,5.362557399,2.050800534,1.388812433,?,5.01742899,2.620623284,-1.309988017,?,-0.158769215,?,-4.404490114,-3.573092616,-2.714621837,?,1.51984657,3.344497221,3.411553517,-1.717177327,?,?,4.886718647,2.416125132,1.306908243,?,?,4.359913365,4.699480666,8.336374826,9.279932032,5.044600382
0.82846247,?,?,0.825821891,2.196376162,?,?,3.081250986,0.039690763,?,?,0.281574699,1.024411968,4.835990599,4.953186372,1.325520349,0.350974733,2.209276421,2.792125371,0.819729426,0.937862008,3.701333683,?,1.634836829,1.87496846,?,9.124700085,2.803023449,2.90221243,3.204268235,?,3.672038998,0.1134942,?,4.18248926,-0.418869106,1.897762749,?,?,1.589527697,0.539345813,2.687760711,?,?,-0.68449472,-1.319823902,?,-1.897890735,-0.578320653,0.656064463,?,-2.665350348,?,0.15217016,0.338107661,-2.471474453,1.439017974,4.138546855,5.085388462,0.271401863,0.767308305,2.431661468,3.510119769,0.841139465,0.84005231,1.450202515,?,?,1.573707981,3.116031713,4.041914259,1.496201503,0.185860034,1.869334504,2.109236399,-0.617167123,-0.06892997,2.516451279,3.458476222,?
1.36479079,3.58194459,4.439724853,1.752268032,1.528839898,2.480505213,2.642181977,?,0.675225304,?,3.156360011,-0.666773044,-1.207456449,-0.044998861,2.178782662,-1.476384518,1.564195363,?,4.940839434,1.945177463,2.090927818,?,5.67547978,3.639176344,1.28577196,2.779500725,4.633955123,-0.41390138,0.923603511,?,4.891599263,2.603972344,-0.05810498,1.639973114,?,1.092237969,?,?,6.007957534,?,1.549628702,?,5.047036869,1.921689486,0.024544124,1.721373852,1.805926541,-2.129950444,1.470113831,3.21254968,3.561326642,?,1.707246441,?,2.763732125,0.318566847,0.244172526,1.653938051,?,-2.273596096,-2.741059598,-3.029431536,?,?,1.83348303,4.010380077,4.27420614,2.098416151,2.048960695,?,5.033697949,1.98219686,1.137683105,3.840696031,3.869682598,2.083258895,0.752470331,2.063063757,3.09448611,?
1.96828862,4.337463848,?,1.979324883,2.594023356,?,5.255382507,3.210209117,1.138491468,4.419724916,7.002819753,0.355215551,-0.543196791,?,?,0.713403658,1.645499998,?,4.657755874,0.743731325,0.490941581,2.960482069,?,1.799530273,1.51345491,4.933883603,5.291768587,0.886062949,1.112336418,?,3.676758251,3.170238532,1.21366718,2.939323669,3.191861143,1.905445287,?,3.172468485,3.970243447,2.706805418,-0.052461971,?,0.453206066,?,?,?,6.530370748,?,2.139586847,4.685012648,5.467080875,3.495433675,2.778195282,4.413031426,10.61277437,?,-1.338069056,0.127618733,3.512460133,-1.792909042,?,-0.852615434,3.089356891,0.365071022,0.7841926,?,?,-0.306582066,-2.429174581,-2.667746494,-2.62205095,-5.213358903,1.07860675,2.920541091,3.436804377,?,?,1.061386194,?,-2.357257553
2.74874654,?,6.449476778,3.4151944,?,5.538455948,6.008523538,3.829325818,-0.009772104,?,2.807556537,0.731362457,?,?,?,-1.880009771,1.166940167,3.086885354,3.393572168,-0.857893512,-1.270388385,0.019024199,3.235749275,-3.627401367,-0.78396101,?,-0.291029848,-2.616541399,?,-0.154183162,?,-1.263157278,0.03579432,-0.410725666,-0.057787112,0.094330689,-0.951065981,?,?,-0.874870885,2.499282263,4.191242388,5.516713992,4.469730011,?,3.828968353,5.100888187,2.574868969,-0.624128393,0.61008633,?,-1.657183911,-2.51469347,?,0.394648213,?,0.272903631,2.301931478,2.329984623,0.810891103,?,?,2.595330719,?,0.40966704,2.885553296,2.902359377,-0.759772795,?,?,0.978313276,-1.781542111,1.24055752,2.837210443,?,?,0.537387561,?,3.246346981,-1.74156669
0.0632491,-0.091868669,0.002553597,0.453858973,?,?,-0.301842425,-2.405024861,0.955241776,?,?,1.647129468,?,4.042138005,4.230448428,3.32061235,0.598844357,2.280970884,2.454545306,?,2.064041906,?,?,2.954967667,1.56412758,3.778145729,4.17695093,?,1.471298312,1.856180627,5.792641214,1.884639862,1.34812587,?,2.285745325,0.862955932,0.523585141,1.677296447,2.396565429,0.65750191,-0.627537684,?,0.104716965,?,0.401400511,1.896883767,4.062755683,0.270011049,0.790641945,?,2.500699723,?,0.050098036,1.445124841,1.833982506,-0.591556333,0.205758136,1.51231395,2.650334373,-0.456320144,?,1.664532706,?,-0.643745069,0.18728136,?,2.32747703,?,0.364012839,?,?,1.394736532,1.200004905,2.11482149,?,2.264021215,3.213004808,6.827227401,7.425038534,?
1.80530039,?,4.036390706,2.110378359,?,4.59575087,7.026265916,?,1.06360191,3.44000965,3.642944248,0.297683253,?,?,?,-1.470179774,-0.424325082,?,?,?,0.443153278,?,?,1.235426088,-0.99085295,?,?,-3.043286115,?,?,?,-2.283200081,-0.76240863,-1.222808553,1.100085376,-3.480680428,-5.099837643,?,-3.06389658,-6.064140551,1.042033225,4.359774681,4.899518818,1.056913064,2.906993888,5.21157053,5.258199605,2.338194232,1.596764339,3.956156463,4.108714504,2.741453316,3.668451719,?,?,3.051139302,2.511079946,6.429673391,8.046119365,3.248152914,1.633641305,4.196669806,5.506373868,3.804474215,1.73975385,3.826687813,3.841439362,?,3.949248186,7.774387458,8.108990551,3.782700686,-0.15473204,?,2.960730357,0.833208276,-0.426539785,1.250630055,1.42395561,?
-0.65105772,?,?,0.13962352,?,-1.330001567,0.691418332,-1.729918174,2.673000872,5.034481877,5.807884456,?,4.144978932,5.807207687,5.843532533,5.196680298,1.88133665,3.987217102,4.064223816,2.833036382,4.435436726,6.9181304,7.222777939,8.740669906,1.74665872,?,4.50427259,1.871327796,0.990083928,2.812531129,?,2.019974912,1.6227386,3.489467942,3.689418375,1.123467179,3.121886797,7.773885249,12.98902248,7.298037419,0.869695165,3.322257516,?,-1.148599694,?,0.73721548,1.190882882,-4.017408684,-0.303192691,?,?,-2.566812342,?,-1.782729976,-1.466643274,?,-2.017066889,-0.038028673,?,?,?,?,-0.109415176,?,-0.22526901,?,3.803853864,?,?,?,?,0.855744101,0.231008362,1.347302238,?,-0.217531439,0.343829594,2.932381025,?,-0.062420385
1.12527626,?,?,1.96706984,1.330893278,?,?,1.207927079,0.49937757,?,2.740816953,?,1.665460238,?,?,-0.613491664,4.890171925,7.925947933,7.974688828,4.281173853,6.174168075,8.158688773,8.323631546,7.769811721,-0.52426428,?,?,?,?,?,3.737228254,1.858884024,2.29618733,?,5.712989408,3.697257236,?,2.816943018,2.830911956,1.436876362,0.728838891,?,?,0.396910508,1.492191433,3.37753365,?,?,2.381204357,4.895436228,?,3.313512,2.928870715,4.071455611,4.130594584,2.397815884,-0.095718743,?,?,0.092028601,-0.591550654,0.594366568,?,0.985651452,1.66744281,2.498946511,2.733946549,2.481273228,2.850231483,4.399571973,5.099804239,-0.343733255,1.807880291,?,4.587870204,?,3.261276922,7.08534126,7.287527754,3.49369949
-0.85095677,?,?,-0.305173579,-0.371392976,2.452898936,?,?,0.95982873,4.1727795,6.527389015,4.181762473,?,8.062879852,9.252389034,6.880112764,0.080001019,2.586233647,2.831090215,1.604728128,2.442206306,6.011494654,?,2.790097201,1.88005385,1.445188371,1.916358219,2.309441506,2.552229042,4.753342071,?,?,1.97122595,5.076971738,5.424359581,?,2.402763172,?,8.196381088,3.147292013,0.085470929,0.949315868,0.982208335,0.420338166,1.672994708,4.730354468,?,?,2.147206109,?,?,3.583167296,2.53834553,2.944597804,3.772678413,?,0.846947927,?,2.923929122,?,-0.609570069,?,0.830973663,-3.150888658,1.22551454,3.846711241,4.147949139,0.857632949,1.871538376,2.85131376,?,0.699135227,1.240201457,1.977970384,2.065411262,1.371340705,1.877105982,?,?,?
0.82727856,1.62090687,2.971696315,0.69972388,?,4.402685658,4.841656739,2.18191633,0.619210689,?,?,?,-0.121085034,?,?,-0.952258163,-0.312110623,?,1.400005038,-1.890040019,?,?,1.042136209,-2.374447989,0.47182016,1.572875839,?,-1.578042243,?,-0.896703312,1.049529947,-3.284719175,-0.62142683,?,?,?,?,?,1.215719135,-3.11413299,1.002517456,4.276153206,4.372703267,1.492362701,1.790459922,?,4.788632151,?,3.130602946,6.916187564,10.43011367,3.475806382,2.940578115,5.56730608,6.239207884,?,-0.2211533,?,3.080973567,0.388366283,2.391287127,?,9.295137561,3.829952818,0.60957585,?,2.411284932,0.941862548,1.356411074,4.496468363,4.715105842,2.015397002,1.221545762,3.593893034,?,-1.3501372,?,0.127313272,0.854181614,-1.757198875
2.44872939,?,?,2.4677834,2.138571159,3.595259465,5.631618626,0.77104557,1.262536785,?,?,-0.336414253,?,-2.34785459,?,-1.410198662,0.377357344,?,1.468055685,?,-1.902975115,-1.302365413,0.612108225,-1.03890366,0.80505063,1.820633037,1.838843442,0.781874637,2.206525197,4.429099661,?,4.925186397,-0.0349396,0.273454238,?,-2.081706926,-0.175470386,?,?,?,0.70399972,3.633179767,5.349567179,1.731248924,?,1.786498397,?,0.167121116,0.710666548,3.251876407,5.793024968,-0.650747094,1.449473773,4.894145192,?,0.966014231,2.6969122,4.906177535,5.429326316,3.565245578,4.308521948,?,7.453066778,3.615570427,-0.13082556,?,?,0.699853057,0.352024486,2.27793048,2.500417966,3.365746683,1.25902228,3.774992164,?,2.093056437,-0.225612416,0.622064984,1.304217649,-0.308671169
0.9364605,?,?,?,0.924550311,?,3.246418045,-0.591727549,-0.412630311,-0.182246771,0.476971748,-1.187670469,?,?,?,?,2.683156276,4.716926771,5.033012509,3.725881297,4.004514065,6.152095738,6.234790824,4.502481878,1.33506112,?,?,1.477876325,1.071271709,2.864466163,6.40481073,3.620182297,-0.26734055,?,?,-2.229786257,?,?,?,-6.186945756,1.555478667,?,5.584115703,1.740908093,3.653146512,6.540433954,6.970749406,2.757136941,-0.661761272,?,?,-2.20776531,?,?,-1.275441301,-5.132285665,-0.203891139,?,?,-0.918007522,?,0.807185813,0.88308773,?,3.31136429,5.527398569,5.755913339,3.965107808,4.030092698,5.586103155,9.911844293,?,-0.126251782,1.207286405,1.404201226,-1.689804186,?,?,?,-1.046426851
0.93635602,2.527806821,?,?,4.021219891,?,5.839981481,4.026259734,0.847651072,0.722739779,3.023716231,1.131757344,2.49817983,?,?,2.301928721,0.979340185,1.2096453,?,?,?,0.857689329,2.074026872,-0.227582876,-0.416126,0.232872361,0.622924692,-2.75578924,-3.092921829,-1.24123097,1.056939924,-5.827261184,1.09029802,2.061306553,?,0.632954591,1.127763239,3.975891352,4.463482734,?,1.327152438,?,4.966611318,2.334687732,2.211946135,4.437492275,?,3.308079348,1.40057668,4.579228176,4.860397129,0.708871287,-0.447597183,0.184118015,3.585411151,-2.469027599,0.247075744,3.720737969,3.875080013,-0.250466502,0.168349055,1.595948023,?,1.092199802,0.82556574,2.790917176,?,1.025835209,?,3.224295569,5.625155179,1.329233073,-0.236995434,?,?,-3.252750889,-5.440245109,?,-3.263025172,-8.270777814
0.76367809,3.455126015,?,2.920471054,4.467522061,?,?,7.305278413,0.214305498,?,6.327294193,1.108721072,?,-0.592532155,-0.143639425,-0.639745566,1.562543727,4.112215918,4.618326616,1.14550492,?,3.706473943,?,2.446673156,1.5934886,3.741531606,4.218958276,2.309529204,?,5.44739467,?,2.566746107,2.19142593,?,4.474474753,0.867019245,-0.512083244,?,4.410138076,-4.292180046,0.566600909,?,3.304376002,1.769240574,3.627862392,8.036404938,9.576681125,?,0.629982111,2.097585732,2.241364262,0.004365463,?,-2.302537322,-1.374448738,-4.642765438,1.555422468,2.146241253,2.463067526,0.943646799,2.157142274,4.413951793,?,2.355700844,0.76563314,2.834710037,?,2.468458881,4.702002938,?,?,?,0.365815514,1.162101842,1.66002704,-0.334366477,-1.360356417,?,1.087098914,-1.056495474
1.21691488,4.072686596,?,-0.697792627,-0.46694722,0.490030575,1.173301582,-1.985666683,1.392116955,?,4.471053566,3.409659137,3.920773099,6.513081515,9.158004381,5.125064971,0.2281547,2.201813501,?,-0.48314552,?,0.980733189,3.727873226,?,1.01519424,2.867451606,3.066531968,1.958424825,2.080267751,4.440033193,?,2.36185429,0.55242572,1.503906938,4.361673842,-1.331477612,0.088399369,3.096585657,?,?,0.104864866,3.546386386,4.596233889,-1.635317384,-1.900072214,0.075199309,0.10028081,-0.801187058,1.110575121,2.932333909,4.315501668,-0.065520928,-1.987814887,?,0.980214918,?,0.064210657,2.398593604,?,0.774396345,-0.135495073,?,2.974513316,?,1.39106054,2.397939629,3.868154563,2.117603745,0.141788495,0.282610965,?,0.237267268,0.977537469,?,3.257164675,?,0.81828055,?,4.987409091,1.358252379
2.12139565,5.157934465,?,3.494995184,3.058021413,?,8.26457971,4.212315015,0.505667394,0.814448508,?,3.685098442,?,?,5.728199944,?,1.731453787,3.961029656,4.763168547,3.705353823,4.004519038,5.535886863,?,4.803267005,-0.69279174,-0.640477166,?,-2.425984222,?,?,?,?,0.96375585,?,4.174643479,?,?,5.277895322,5.786313871,5.495359293,2.745963445,5.177238148,5.197016493,1.552633946,1.993820367,2.760839433,?,?,1.638982852,?,6.678055702,2.617912212,2.758690307,5.502552412,?,?,-0.669537587,?,0.707690519,?,?,1.013383792,?,0.318288417,1.25064323,3.282485193,3.28707174,2.804142024,3.790529211,6.229698571,6.876395543,?,0.886995077,?,?,-1.240272855,-0.922203047,?,3.069479558,1.287566638
2.1370741,4.047826838,6.178943997,3.0735818,2.664801888,5.79706111,6.460988117,3.2493566,2.234048268,5.648848908,5.935088608,?,1.410972838,5.210726027,6.460036942,2.689370819,0.814118127,3.99555983,?,1.458777843,1.652895767,1.805574603,3.360731404,1.837103147,1.54806872,4.492008784,4.82126809,-0.538977714,?,-0.805401403,0.760294136,-1.162672174,0.46173993,1.850292162,2.24632358,0.474983121,-1.005824882,?,0.781212587,?,0.872295896,3.20963834,?,3.31216082,4.294318907,7.55764068,8.224610604,6.760948915,1.361765317,5.661143531,6.207148363,1.836341277,1.814464269,?,?,3.378839153,1.395615378,?,?,2.393824802,5.222487676,?,10.06009487,8.752549444,0.93321927,2.485843474,?,-0.621127505,?,-0.787815541,-0.538377482,-2.092422337,2.782345951,5.59942967,7.245519804,2.590924444,3.528241445,5.40188996,?,4.253362363
1.28516969,?,7.312311845,3.170656081,?,1.729935858,2.657320411,0.024257422,2.572832206,4.188678831,5.333451137,4.806314371,5.098568401,?,?,5.867014575,1.925536658,?,5.936934866,?,?,5.585535663,6.855347047,4.57588804,1.83636848,5.04176334,5.312235534,0.254438007,1.37447984,4.852190663,?,2.860316442,1.57994998,?,5.828545478,0.961860023,0.562775443,2.028979671,3.705424405,1.091565355,2.085130729,4.528773175,5.42065213,?,3.482138291,?,?,5.574806384,1.855045167,?,5.446254026,?,0.200932601,2.275380662,?,-0.838095369,0.581829834,?,5.973851826,?,?,6.992132182,?,?,1.74377645,5.410851754,5.820943263,?,2.732855711,6.164288762,6.801550462,3.898367056,2.502211319,4.927573759,6.977555582,3.600536203,3.655861725,5.26828519,5.753936614,4.348587532
1.77392898,4.498462199,?,2.377293869,3.323220432,?,?,4.639738777,1.035317403,4.612357491,?,1.818696248,?,2.599445963,2.792604455,?,2.048404303,4.66912269,5.638619247,2.996702924,3.309628236,?,9.726090922,5.243774881,1.52157299,3.072723647,3.33893687,0.760487146,1.694804162,5.034492541,5.320898655,3.20867091,0.53632392,3.316301713,?,-1.605630706,-0.591459168,?,1.532065131,-1.932627467,0.775349728,?,3.286766912,-1.164978416,?,?,?,-0.834493373,0.640921881,3.527226383,3.589670539,0.937036618,0.777592975,?,4.562669719,0.091584248,-0.008060327,0.234531065,2.517003769,-1.994959442,-1.285605788,0.810063739,1.298169821,-2.299319446,0.37701421,?,2.281744877,-1.182187679,0.091178146,4.077832406,?,-0.919463482,1.346923862,2.843657389,3.548355314,2.706501488,?,5.062669306,5.336538945,6.388972286
-0.18026164,?,6.033885645,1.550469174,?,4.116882476,4.370442572,?,1.306474573,2.815331722,3.369508497,2.171065976,?,?,5.949829872,5.111527094,0.484249125,2.123705033,2.238334072,-0.472402213,-1.630354942,?,0.371511027,-0.719040412,1.73446629,?,?,2.988972083,3.798930914,5.652879848,6.351898969,3.815208476,0.45528798,2.482747847,3.089906008,0.455853873,0.825919381,?,3.99927115,0.453563668,0.825849954,?,?,?,1.188393756,5.367750319,5.378283605,2.046459415,1.405512471,?,?,3.743042553,3.986453463,6.323375383,6.336092969,4.974102512,1.565777548,4.388110652,6.042356691,1.684505496,0.427799917,2.638609482,3.407382883,?,-0.28564799,1.299168882,1.780440839,1.80246478,-0.030977397,-0.422436768,?,-0.72204911,2.049090498,4.553633771,4.56394425,0.303988841,0.708750878,3.670460108,5.223088773,-0.95061406
1.17068548,1.81148173,1.847332826,-0.313357691,-1.513410653,-0.508689135,3.387250511,-0.076596732,1.451639955,2.244176241,2.601201956,2.851352293,3.291100165,?,?,3.402714819,1.04950871,?,4.655953664,0.923902045,1.066619268,2.563910262,?,-0.444576026,-0.07868302,1.677407392,2.164366175,-0.492235152,-0.901711787,?,?,-1.661324502,0.9965842,?,4.382930996,1.803189789,3.564144517,?,6.105401868,6.080962212,0.100428734,?,1.253161383,?,?,?,?,0.058573746,2.092793399,4.445898197,?,3.184397844,?,?,9.38768557,6.123447408,1.216467977,?,3.965383683,?,0.186961936,0.91943968,0.970961634,-0.965677007,1.27212645,?,4.30106619,?,-0.691240865,1.277227612,?,?,0.593605178,3.373289551,?,?,2.598237488,?,?,?
1.80806382,3.683483498,?,0.855227688,1.427332454,4.365347838,5.807533354,-0.196001793,0.836765483,2.932857345,2.991775249,?,3.421235475,6.033776277,?,2.995283059,1.863128225,4.0724791,?,3.075885921,3.931317083,?,?,?,3.44497353,6.754338915,7.511031145,5.518025981,3.600263753,5.117576771,5.607954134,2.078268905,0.95280941,2.561458132,?,0.95042281,0.878059667,4.748128384,5.216110067,?,0.819369123,3.038512255,5.900259303,1.529651202,2.745173177,3.597494728,4.34657162,2.974809285,1.523749391,?,2.103753931,-0.059358414,-0.911605438,-0.227073661,0.905217417,?,1.244370869,3.456809544,7.071497462,0.696278451,1.600621579,?,4.079425994,0.980838046,0.93269556,?,?,0.465220331,-0.828782194,0.266738035,2.288959501,-0.421974469,-0.011668338,1.608904392,3.222244239,?,-1.153019502,?,2.475496857,?
1.70781333,4.261851467,7.803170924,3.343940068,3.363780563,4.8345441,5.038767734,4.253981211,0.965721806,?,2.119220477,2.444044244,2.231531505,4.774704679,6.507578816,2.50742763,0.062485226,1.206079197,1.525872474,-0.056106348,-1.433052298,?,1.677894305,-3.291632002,0.32754602,3.701369211,3.855173979,-1.39516624,-1.144598992,?,0.889511515,-3.850510755,0.95328652,3.700498041,5.929038997,2.354946134,2.332156605,4.27386018,4.485779178,1.890104751,-0.57731687,?,?,-0.678493167,?,?,?,?,1.284854335,3.532620281,?,0.109080074,?,?,3.454014578,-2.932425836,0.315158649,?,3.874731427,?,1.130823377,?,2.946823729,0.267804618,-0.29022396,?,2.549100033,-1.998178827,?,-2.061468768,-0.521696457,-3.231222344,1.966007596,4.490547669,?,2.167351876,?,2.730189673,3.869812321,1.796054576
0.01138229,1.410209122,?,-2.551102993,-2.250512575,?,0.412876397,-4.532264853,-0.587998074,-0.942816924,0.325753435,?,-1.772874208,0.658100768,0.683414282,-0.890105845,0.002692796,?,2.136574516,?,1.007562675,4.914408259,?,1.072941697,1.2524309,4.573359666,7.002727405,1.989212575,1.988000995,3.961595328,4.50723042,1.798222609,1.24453726,?,3.126282958,3.753699786,4.067068297,5.38882912,6.490642112,4.85872212,1.31875608,2.526185283,3.089097245,1.685735213,?,5.429960238,6.034592982,3.182311733,1.317444492,3.254305888,3.68251327,0.961224118,-0.548484661,?,?,-3.604373491,0.011640499,?,3.107209191,0.738900431,?,0.899032898,1.88486653,-2.164133716,2.3705372,4.351698151,5.09040661,2.168262156,3.099806059,6.947723628,7.584269377,4.470465903,2.209599894,6.42766928,6.555518759,3.944887952,6.380417339,11.27437889,13.07252983,8.857745285
-0.34860317,1.761722863,2.297187103,-2.982446313,?,?,?,?,1.430569385,1.737840867,1.75983297,-0.010307501,-0.977296413,?,0.776744205,-0.233524704,0.614915155,3.994651405,5.828085379,?,0.430703204,2.690583297,?,0.046442192,0.81213829,2.893047407,3.731529158,1.396470678,2.569334624,5.375733098,6.769916411,4.741382762,1.61152877,?,?,2.131636999,2.245468339,4.340777815,4.419037958,1.706746195,1.442521421,3.660159102,4.552399559,?,2.882282628,5.825853205,5.933179499,2.141588853,0.809895041,3.584505262,4.856882808,3.155757017,3.83316596,5.085516308,5.656116075,5.647597885,2.221692945,3.276862875,?,2.752774308,2.713914914,4.256974117,7.57657637,4.619555647,1.4830746,4.786942982,?,3.241043699,3.373360943,?,8.203502803,4.785771691,1.442149447,4.742842995,9.171506965,?,?,2.839241415,3.748218211,2.177111397
-0.19137142,1.661085952,2.742450227,0.462873055,0.566304888,?,?,-2.382642569,1.199019847,3.990755965,5.762015694,1.361691652,0.789479095,?,2.056970947,1.19566042,2.036948127,5.0974885,?,2.749205579,?,4.830643454,7.956125791,1.670381314,0.19644107,2.171016907,?,1.574715183,?,?,?,2.859936861,1.23953481,2.288637067,3.621146663,1.703627669,1.59298498,?,?,-0.553793801,0.887748234,?,4.034066314,1.785759531,?,?,?,?,-0.371222986,?,3.271522333,-2.079808957,-1.709597917,?,0.413315206,-2.448959135,0.606790746,1.675655353,3.654233206,-0.259774003,-1.580628425,-0.443546156,?,-1.718996568,0.6181866,2.635202802,?,0.409512384,?,1.596641948,?,1.847396007,1.124467668,?,7.806220831,1.392460061,1.1037713,3.037951757,?,2.593736475
1.05236511,2.212709415,3.08534916,0.544480068,0.72415089,?,?,1.678992102,2.210600163,3.93233506,4.490770853,4.425231893,4.441884796,?,6.799296632,3.769008165,1.192348319,4.380378107,9.486576097,3.641870945,3.21772573,5.111518735,?,3.191737698,2.28019498,5.990538597,6.608922837,3.231499136,2.938907655,6.005477716,?,2.290099125,1.2375689,?,3.804527382,1.450177189,1.09460343,?,?,3.552667453,1.567395548,3.487795881,?,?,?,5.787567359,6.043963908,1.551891931,1.321936709,2.862299382,4.439326975,0.306797379,2.369904454,?,8.541063641,5.81179618,-0.411912613,1.045748773,2.746199291,?,-0.715233887,?,?,-3.928548422,1.28534916,?,?,3.029470418,1.07762341,3.449520662,?,-1.278422334,1.999818633,5.636248416,8.947972267,3.617253985,?,5.07984395,7.013865011,3.748181433
0.68564371,0.422761793,?,?,-1.291661549,-0.239830968,1.380769899,-0.746511694,0.251406476,?,?,?,-1.311542729,0.795265633,?,-3.50846219,0.562290955,1.494848771,2.244507608,-1.038595611,-0.20365015,?,2.084992073,-1.124085492,2.59906408,5.438040391,6.194534725,1.587734376,2.828081256,5.755170155,?,3.624241995,0.20045754,0.311198105,?,0.13343949,0.167234634,-0.008444385,0.574277793,?,0.544290675,?,?,?,?,3.393246595,3.477206151,?,-0.309274735,0.294740848,?,?,-3.159744204,?,-0.761286237,-3.563515644,2.567524025,4.513569491,4.77723128,-0.377224581,-0.114221537,2.192295671,?,-1.027209044,1.77971085,4.174170822,5.221630363,1.780584964,?,2.316604246,3.525279748,-0.845346496,1.4817751,3.902734968,4.969693995,2.045997331,2.295266397,4.272654954,?,2.702306344
0.62308406,4.161058504,?,-0.117447467,0.95077021,3.012070618,4.116754583,1.294891763,1.898295143,6.351618592,7.753250744,?,3.436728146,6.896512256,?,4.858872798,-0.619726074,?,2.971197784,-2.190364958,?,?,?,?,1.41832866,2.76484075,3.588886666,3.336944206,?,1.437864007,2.494773765,1.22727372,0.43395022,?,?,1.172685086,?,5.469241592,?,?,1.089372478,3.220995305,?,?,-2.226351918,-0.122265889,0.440559214,-2.575514083,-1.018523727,0.043076032,?,?,-3.02046976,?,?,-2.131090448,2.751272615,5.978697551,6.098433592,1.987889461,0.36901486,-0.476443204,0.48998709,0.120691146,0.88566731,?,?,-0.840716727,-2.441304293,?,0.874979866,-0.353709272,1.065097356,4.433756531,4.456409531,1.524592116,-0.49962149,0.586524045,1.358702804,-1.549258701
2.09877721,?,4.005955026,3.40929152,4.598927831,6.427486494,?,?,-0.764917211,?,?,?,?,?,3.252548982,?,1.668023548,4.242990038,5.24555338,3.316653922,4.694073175,6.825593952,7.593211461,8.554836769,3.45503817,8.732680188,8.847707294,4.246357782,2.498130515,4.008878048,4.625969173,2.347946066,1.25644487,?,4.191609067,1.237750437,?,?,5.512014555,3.460337142,1.29552637,3.938748974,4.050166704,0.889682516,-0.068715414,?,?,-0.277744335,0.498065125,?,1.541477673,-0.286254218,?,?,-0.213509901,-5.218418595,2.345995328,5.563263802,7.907773937,0.253351627,?,?,4.22809973,0.781718924,1.30570967,?,6.562610264,?,1.764206628,3.315335777,4.851520773,1.197394454,-0.015937496,2.865107981,?,1.447631969,?,?,?,-0.773007401
1.40262098,?,?,0.982188209,?,3.394819236,3.480322638,-0.691770078,0.92016524,0.788438006,1.099853212,?,0.833886055,3.024637217,?,-1.279926003,0.479490476,?,1.569598395,1.545013081,1.684081021,4.392706743,?,?,0.69212728,3.209863134,3.225290122,0.561315993,0.641733566,?,2.543721338,0.803751938,1.84969733,?,7.616448521,2.563132647,?,?,8.50763211,5.595872872,1.575708473,?,3.827761745,1.996224376,1.19453684,3.308907733,3.631138441,2.048327605,-0.574693157,?,0.848227837,?,?,?,2.488146448,-2.419168188,0.398649897,?,?,2.277096321,1.899079226,2.714967885,3.385778904,0.044412783,1.00555901,4.036258843,?,?,4.492573507,6.068149276,?,2.435675218,1.22560676,?,?,?,4.145337719,6.373899435,6.739052774,3.942387005
0.99934165,4.334115299,?,0.34831289,-0.194441937,?,2.251753762,-2.382763121,0.723660726,?,3.689110906,0.72077442,?,4.622278986,4.747960964,?,1.554662907,?,4.402261728,1.989312804,2.966186759,5.466898697,6.05891705,3.617527939,2.22966769,3.301026343,3.531484718,1.479717842,0.083571264,1.301556995,1.910933997,-0.995445343,1.74444805,4.714461433,4.720073965,0.725319515,0.678870718,?,3.279483107,-0.75752665,-0.544724669,?,1.628431254,?,-1.704643847,?,-0.113691684,-1.272060266,0.316385486,2.553560695,2.79534168,-1.017183493,-0.717375433,1.706999144,?,?,1.807762777,4.024606037,6.185514926,?,2.761307919,4.768667734,4.991291589,?,0.42289842,3.24634484,3.953341824,1.175542006,1.303464777,4.064705385,5.280539378,0.847406528,2.436647028,6.517140995,?,1.93220429,2.703971898,4.359160814,4.997055937,2.08769162
0.3800767,?,?,-0.968137956,?,0.645478647,1.335503248,-1.928964394,1.805781162,3.546913772,8.192398456,3.163684395,4.958952346,7.512813759,?,6.602784514,0.737093842,?,?,?,-0.490472421,2.528747415,2.613088264,-0.272025426,0.38608317,1.537083936,?,?,?,1.62733581,5.649826975,-0.766910811,-0.85981739,-0.840568111,-0.711024614,?,-1.963416695,0.533611166,?,?,1.552671286,3.496367386,11.33546042,5.293607418,?,?,10.19205484,7.478348695,1.610492872,4.47853152,4.845835797,0.157368389,0.400752096,1.942337301,5.204566197,0.107120348,4.517468762,9.137725454,9.897439704,7.969421874,8.240765963,10.70324862,11.0033139,11.89241378,2.31794132,5.09717115,5.855003776,0.06290171,1.646022099,5.527806759,7.808860758,2.251806081,-0.299033436,1.872973187,?,?,-1.136658665,?,1.429321878,?
-0.61122985,?,?,-0.14133022,?,0.55390363,?,-0.607569983,1.085281001,4.110160808,5.089095633,1.468226679,1.036660222,2.753881738,2.955560876,?,1.660248319,3.354833537,5.58026082,2.476758794,4.146883772,6.678670746,7.659843477,5.66967703,1.43421534,2.742560825,?,1.22439647,0.404192859,?,1.420030072,?,1.20167327,?,4.685109627,0.298553127,0.227243222,0.706154671,1.296371112,-0.82733329,-0.187096857,2.123648624,?,?,-2.745317459,?,?,-2.654086504,0.852876854,?,?,0.331084338,1.026956664,2.94041376,?,?,0.114482816,2.897035682,4.742522215,1.157747736,1.741918075,4.393121541,5.797372763,?,0.38955925,?,?,1.05884281,?,?,?,?,1.57592816,?,4.142998243,2.284452105,2.254907372,3.397399464,?,1.549966034
1.45617057,4.292618196,?,?,1.827508189,1.64153672,2.454602027,?,1.266490878,3.56826778,?,1.708489638,0.626052615,2.799527216,5.00527,2.371093939,0.181737608,?,?,?,-1.990692366,?,2.315361445,?,-0.64167862,-0.251614647,0.092542824,?,0.400269739,2.696136212,3.746934359,-0.019481022,3.01406759,6.992953521,8.124412347,4.690953643,5.368572154,8.739116699,9.802652785,6.157294608,1.342818252,4.587711615,?,1.427526547,?,?,?,?,1.06835424,2.103807871,?,0.072398739,-1.924545103,-2.213824269,0.707085506,-3.436944226,1.280748062,4.095685616,7.32937641,0.795693704,2.272970198,5.249385909,7.410227678,?,2.85520992,?,7.404971785,6.10997321,4.470163242,5.807143414,5.997896859,5.106007543,2.926730282,5.39006359,5.608680601,2.601793194,1.88392483,3.825187937,4.473182051,3.074511257
1.17602805,?,2.490545709,0.63589584,1.801821669,4.192368698,4.38264007,3.851015557,1.770132331,2.941927523,3.822778261,1.621476002,1.103125234,1.347170171,1.452184644,0.545609999,-0.314666774,?,?,-0.385820244,-1.860751977,-0.158471725,1.147444347,-4.215289992,2.02284601,4.650880737,5.307797476,2.079194003,2.716998277,4.941004676,?,2.193005791,3.26026823,?,4.438546572,3.703919153,3.24484299,4.281042413,5.737341524,4.413434737,0.520068439,?,3.395662781,0.870743454,?,1.993145506,?,-0.2298284,1.884888709,?,6.107831931,2.628972269,2.421609481,?,?,3.212237048,-0.532914279,?,?,?,-0.397965414,2.471124374,2.69696939,-0.170660483,1.83905808,3.721090604,3.93420201,1.255611786,?,5.759360715,5.983919086,3.35845703,1.49738596,2.406018588,?,?,?,2.20355228,3.198172967,1.581969809
1.12408048,?,2.973535171,?,1.100480371,4.058265777,4.630870942,-0.546995007,1.166013771,?,4.905645558,1.916465627,2.600486412,?,?,2.638671648,0.455919019,3.602058921,7.421435283,1.195273084,?,?,?,2.730620173,2.21841139,?,5.894485111,1.287067501,1.46876267,1.503205385,4.049069326,2.979670874,-1.01969307,?,?,?,-0.014636426,2.383767808,?,-0.673265156,1.191319396,3.736273143,?,0.047841905,0.717125096,?,?,0.289644345,2.374837924,6.602687278,?,4.519615478,5.674987197,8.420516529,8.670748652,6.131875334,-0.193437965,?,?,?,?,?,?,-1.097310514,0.06750295,1.550857974,2.329970828,?,?,?,1.707596043,-0.016070562,0.014280445,0.752272117,?,1.263334114,?,?,3.158153713,-0.346578802
0.24265712,1.72701547,?,0.031063959,0.948929664,?,?,0.579163807,0.748374026,2.247862918,2.293822205,-1.357505373,?,?,2.864809864,0.00578218,0.217755183,?,3.624432115,?,-1.036044604,0.451199337,3.38432194,-1.644746777,-0.53534995,2.172560628,4.049967398,?,-2.083474313,?,?,-3.166842101,2.01758788,5.463611855,6.997615291,0.921956461,-0.032403601,0.603434155,1.481570302,?,1.068006757,3.984925722,4.261468519,2.302257855,3.782638239,7.626917035,?,6.58977223,0.523997986,2.033911943,?,1.965228745,0.981030373,?,2.748545503,-0.421573793,0.765758382,3.69622191,?,1.512970321,?,7.932386985,?,5.016449227,0.56991186,?,?,1.346995511,?,?,6.953054815,?,1.364040981,?,4.534015891,1.102320426,3.033731007,6.140341052,?,3.224836652
1.15458394,3.730018309,4.441149347,2.231039728,0.578646313,0.978677948,2.593805292,0.405702377,2.761346041,?,4.035844758,3.70964034,2.198431141,?,?,1.846858673,0.244233259,?,?,1.132522624,2.529967128,3.075822678,?,?,-0.53675306,0.021402265,?,-3.540996472,-3.644691637,-1.991719692,?,?,0.81641572,3.296051413,?,-0.051144276,0.379900542,1.11823399,1.234844997,0.612209857,0.51176088,?,?,3.605414085,3.246621868,5.235741287,?,?,0.801482502,?,?,0.340712246,-0.710392962,0.199579298,0.684995406,?,1.83206266,4.653207491,6.330611141,-1.08716784,?,?,-2.20767187,-6.337019183,0.5113071,?,?,-0.795915474,-0.39808165,3.319801404,?,?,2.843293549,4.786640376,?,2.27543813,1.418702808,3.002254817,3.041980306,0.222849596
0.80555871,2.449421876,3.741872067,2.213890933,?,4.582676535,6.6233103,3.215339476,0.816443864,3.185065846,?,?,1.159220055,4.980020266,?,?,1.521290717,?,6.136277818,?,3.335340179,5.491785617,6.564923317,3.870409251,0.59913397,?,?,-0.860258908,0.063775629,?,?,0.028193994,0.89163838,2.579865288,5.793232362,0.242550125,-0.506819471,1.367853961,1.760020062,-2.438579398,1.283021988,3.080378417,3.174266678,0.88888112,0.565385008,2.617013874,3.392068706,?,-0.099204515,?,?,0.670003145,-0.709805245,1.069527044,?,-0.761886645,-0.333644549,1.002516355,2.688504958,-1.063436904,-1.405303028,?,1.604241011,?,0.46356692,1.112110787,1.393499057,-2.291250647,-2.304830149,?,?,-4.563161005,2.005459019,5.066732899,5.528212177,2.873921218,2.1669126,?,5.010684422,0.387308808
1.71225837,3.444045582,3.591576866,1.539163709,1.639380611,3.368107061,4.109992005,-0.807456664,0.556698367,2.929939059,3.193341735,?,?,4.832943925,?,2.702381096,1.536030618,5.13520696,?,0.984247323,-0.334697084,-0.170274326,1.682589525,-1.491411417,0.43617541,?,?,?,?,?,4.720307666,2.940920117,1.30440983,?,4.198396447,-1.972739696,-2.938290958,-1.042400381,-0.893955903,-3.321103907,0.705632553,3.093429791,3.45683659,2.790456292,3.763464993,?,7.142130444,3.354199753,0.985217867,2.417493611,2.597711433,?,?,?,?,0.822631657,1.508092861,3.361920959,4.26389828,-0.471053896,2.352628791,5.230297445,6.303013163,0.568783738,0.22497012,?,3.299643111,0.275841606,?,?,3.354400879,0.063478938,1.511839128,3.377840293,3.588474454,1.503607007,1.22492254,?,3.768260119,0.87400287
1.99916459,3.592812246,?,?,1.86401122,?,4.74434339,2.204539115,1.727838006,5.245055791,5.627061713,2.902433954,?,?,6.517286826,2.664419729,1.670284008,?,6.675236654,1.559103068,2.720501333,5.749208396,7.804855332,1.52085388,0.60071811,?,2.673588758,0.136742093,?,0.256789283,?,-2.966929885,0.32591314,?,5.646429774,3.139761727,?,5.226647761,6.582259751,4.496361217,1.424150996,3.65008602,3.748590896,4.263706582,?,7.89020185,9.193658664,7.880162422,0.976611323,4.816973502,5.642037918,-0.41002828,?,?,1.59086795,0.728572644,0.223488163,?,3.591477807,?,2.932525384,6.361130599,?,?,-0.13729702,?,?,-0.739879939,-2.365585324,-1.493741489,-0.87655501,-6.075877745,0.125486248,2.315399436,2.907545229,-1.222438536,-2.030166366,?,-0.702552361,-2.36747199
0.58768438,2.072032617,2.812372116,?,?,-0.03457867,0.577920663,-4.355164532,0.823003067,2.938185126,3.529510194,1.222136553,?,4.192230254,5.381043402,2.984866758,1.888534394,?,4.747782001,3.563976771,3.448052319,5.89379971,8.159151197,3.623548641,1.1777515,2.706240477,2.912051531,0.27492921,?,0.62821703,1.901263999,0.399419589,1.20213153,2.659111084,?,1.406921855,1.709450788,3.818407641,?,1.770638808,1.515571756,?,4.660141487,1.122860408,3.521155708,5.58836343,6.303276296,3.49595805,1.30986599,4.769847421,5.516389492,0.216553479,?,2.685870182,2.777595319,1.389020169,-0.038257149,1.768075438,?,-1.838163106,0.2313144,2.688657739,2.905896704,-0.209820543,1.61206635,2.983027931,4.796920908,1.963875782,2.509410425,5.688256545,?,3.049315543,1.02736854,?,?,-0.098375851,?,?,?,2.393234205
0.22747643,1.97276421,3.160119568,?,1.617540561,3.36176322,4.605742991,-0.430691918,0.842548855,1.581582536,4.156874942,2.196503186,2.414649042,4.231991141,?,3.127494578,0.929242438,3.209826252,?,?,-1.521614326,-0.121085947,-0.09452437,-4.097086667,1.96366965,?,4.385202749,1.368677325,2.308135198,?,?,3.365206868,0.25898693,3.380129096,?,1.359140438,2.127420475,4.474471632,?,?,0.353705056,?,2.739179625,0.24088965,0.218816744,3.481043298,?,-2.610764765,0.008740117,?,2.315470681,?,0.499082263,3.889897296,?,-1.429220036,1.175924102,?,?,-0.646835153,0.265035497,?,?,?,-0.00414358,1.365841745,2.961467284,?,-1.050863854,?,?,-2.337058257,0.369774125,?,?,?,?,?,1.123741594,-0.946289335
1.10036791,1.891971351,1.924366148,0.764130436,?,6.52225927,?,5.005779289,-0.942077774,?,?,-1.383206496,-0.271162856,?,3.614486861,?,2.154220361,5.671798228,5.769651439,3.647578284,2.323046408,?,3.15807982,-0.03467353,2.87918644,5.405415352,8.578254842,4.883396815,5.115136724,6.886639049,8.103992853,6.416226331,1.82410867,?,3.798441334,3.409492291,?,2.929566898,?,2.065249138,0.338789866,?,2.956500656,1.491318736,2.093560762,?,?,?,1.224080415,2.583467183,?,0.958096993,?,2.421045888,3.03607233,1.523876944,0.295270453,1.611878308,?,-1.159626703,-2.99832282,-1.256021514,-0.451241739,-5.812126813,1.38502735,2.840121058,2.892184736,-0.533610988,?,1.399272279,2.630296916,-1.210259983,-0.24715796,?,?,?,0.525551676,2.657280289,?,?
2.32342292,3.54642528,3.779301846,3.009724561,3.028591006,?,7.962399883,?,1.911986421,5.149947918,?,?,1.860790338,2.395720287,2.478841065,?,1.720732738,?,?,?,?,?,?,?,1.07669716,3.060115801,3.722900918,0.380372212,-0.232829007,1.279002524,2.376926583,0.155112339,1.04519261,2.613825162,5.74066048,1.464213017,1.657849337,4.534110662,4.822972881,3.499157574,1.428317089,4.472918509,4.502664214,2.180250712,2.743544125,?,7.030784996,3.1442952,1.519722294,?,5.141347601,?,2.306491795,?,2.862522403,2.054482977,3.499988453,6.419920092,8.136760235,4.300456035,4.339997815,6.568345278,7.540991977,6.410535994,1.75725803,4.511713765,?,1.949380098,1.789544821,2.338932863,?,0.230785648,2.33589032,?,?,?,4.177910794,7.210273104,8.28892673,4.33160779
0.8944849,?,?,-0.012524799,0.69218545,2.160823951,?,?,-1.139974691,?,?,-2.891697036,?,?,?,?,1.787958971,4.587271257,5.862472047,-0.095807503,0.108604749,1.774625517,2.832560544,-0.855527538,-0.16319942,?,?,1.280801975,?,?,?,0.551260618,1.99225559,3.988805301,7.989157312,4.684056207,5.364504664,?,?,5.283726363,1.46272162,2.999203694,?,3.206071825,3.034040892,3.14259795,3.193276629,3.200983911,2.440244479,?,?,1.405541264,0.9338305,?,4.142043338,1.154529019,1.602387824,4.720971027,6.632697959,1.344770125,?,2.294341771,2.453906275,2.038805429,2.20095046,3.750498577,4.124331512,2.104966444,2.520968993,?,?,0.739219786,2.00810942,5.544730446,6.227867902,2.300602753,2.054133018,3.733388555,5.112803589,?
0.19968697,2.251973384,2.778641362,?,?,2.275669436,2.561439552,1.086797673,1.298829018,3.159094467,?,-0.704881236,-0.228269459,?,?,-1.279696519,2.718430122,6.049758146,6.501684333,4.484228902,4.27140965,?,?,3.613297988,1.80412099,4.503965463,?,0.70301338,1.220174788,3.319271908,3.686940639,?,2.76914651,?,5.800011235,2.788681651,3.490386481,?,6.201648723,4.273940359,1.175597972,?,?,2.053057788,0.910490922,?,?,3.388071582,0.9282891,3.394516238,3.94757928,2.150578803,?,3.723739692,4.09453153,3.287278987,0.27432219,2.917359446,3.409534555,?,?,1.463718708,1.637683657,-0.927881225,0.02303969,1.196770689,1.452792133,-1.448800724,-0.892416619,?,?,-1.86492415,1.841615913,3.456129748,4.353948508,1.402826707,?,?,?,1.144667625
1.57556336,3.53704617,5.59260348,?,0.438293467,?,4.252492635,0.958378994,0.339628275,?,1.03126936,-1.184244908,-0.039600892,3.575236595,6.955249614,?,0.94651171,2.802180172,3.198236831,?,?,?,3.208018315,?,-0.67273866,-0.553441878,1.369992916,-0.2709137,-1.3852325,?,1.611108236,-2.109201525,0.71749514,?,?,0.993496481,?,?,5.459869502,-0.403775341,-0.012159865,0.902954695,?,-1.588695397,-0.96584324,1.894004984,?,?,1.126706825,?,2.854410848,0.995937717,0.266159963,?,?,-0.346989709,0.095058758,2.89061698,?,0.045431921,1.751836485,3.995656355,?,1.461594645,0.74076786,?,3.876771902,-0.130053752,-1.009900265,?,1.498506276,-1.138147207,0.770595987,2.110505167,2.81080248,-0.212754904,0.139780558,3.371518506,3.508850038,?
-0.59771361,?,4.312899492,-1.42530293,-0.430330105,?,4.275747936,-2.14232404,1.649858766,?,?,2.334300382,3.470319104,6.341907005,6.786694872,3.7647931,1.190468649,4.248522056,?,1.714411514,?,?,1.383668746,-0.902664708,1.9618168,?,4.407995298,1.237696576,?,4.368279444,?,0.049412962,0.1133886,0.545672655,?,0.419567455,?,?,?,4.148221013,0.357787639,?,2.940915146,-1.535265892,-0.468131917,3.532215305,4.202850028,-0.794586353,0.928742838,?,?,?,?,?,1.793381963,-1.722756601,0.646166438,?,2.587216268,1.69619397,1.089616952,2.833021889,2.918325562,1.52036119,1.06150599,?,5.05957581,-0.236940548,1.092803927,3.677599064,?,-0.185933017,1.890342357,?,?,?,4.47722343,6.235066311,?,7.136799648
1.85276407,4.909360046,5.221305844,1.491692792,3.542419326,?,9.121232201,?,0.565974306,3.253717514,?,0.334467226,-0.928784787,?,2.244266642,?,1.985173271,5.062150289,8.229985728,4.392591933,?,?,10.30347072,5.752668917,-0.28462522,?,1.016269374,-2.35722877,-2.891975188,?,-0.132791379,?,0.37645427,?,?,-0.865748,-1.651297739,?,?,-4.497364429,0.907130956,3.682080722,?,-1.060168051,-0.17417222,1.640993135,?,0.318908919,0.992370251,3.23631386,3.238486234,0.799273033,2.021750663,?,8.090626536,2.504820748,0.55642008,?,1.574171946,0.622425457,?,?,?,-2.597233344,0.35657233,3.102799277,3.269869677,0.170838793,1.732992223,4.374373294,4.497964042,?,-0.074898402,1.684384929,2.07917809,-1.968944087,-2.497971637,-0.228133598,?,-5.041764202
2.01895316,?,?,3.864888857,4.981123483,8.316119882,?,7.064519889,0.915624147,?,?,1.484437485,?,7.031134648,7.060642558,4.105410847,0.557470912,?,2.94843684,0.750894092,?,5.54594208,5.857584767,3.995162537,1.09193598,3.130366706,?,1.31531257,0.962058087,2.52445839,?,0.222063261,0.45480899,0.595082669,?,?,1.462834993,5.019102712,5.209432191,3.410661037,2.575005132,5.01032915,5.609670385,1.167638137,?,1.60355785,4.731458398,1.94730343,-0.231463056,?,5.149039574,-3.09645875,-3.99167999,-2.238124225,-2.175741738,-7.211627626,0.318026143,?,?,-1.109780182,-0.879940762,1.654106029,?,?,1.09139543,3.515767802,?,?,-2.12357427,?,?,-3.214969903,1.766382533,?,?,2.016471623,2.75912752,5.533928688,?,?
-0.06744174,?,2.126305607,-3.211226037,-3.272245761,?,1.455791399,-3.297083311,2.07352455,3.579822497,4.710093317,0.903454455,-0.15346216,0.619182556,1.869414344,-2.644854241,2.318727889,4.270802111,8.376538583,5.277255738,5.359055415,9.428180052,?,7.457048085,0.23327221,3.128196111,3.829226462,-1.172984121,?,?,4.573253938,0.158863506,1.99717036,3.14440682,5.015785908,2.64269591,?,1.863573352,2.931938435,0.219656806,-1.449969786,-0.702344383,?,-1.593554213,?,?,5.347050749,-1.9228475,-0.241698969,0.893271708,?,0.13942071,0.512380602,?,?,0.868793467,0.881573969,3.236624079,?,1.127367304,?,2.9370911,?,3.827137491,1.54243729,3.922253373,4.980495984,0.092932912,?,2.5256648,?,0.233329718,1.39874557,?,5.282124271,2.780235016,1.13262078,?,3.99571839,-0.968103365
0.92705482,3.332143449,4.084617631,0.069302256,0.141396036,?,?,-0.491885887,1.729741224,3.653056858,5.107172625,1.739960078,2.222753303,?,3.993531596,1.672336146,0.995452696,3.980871453,?,2.8968255,3.883087528,?,6.350700536,?,1.77193672,4.776617616,6.520442597,4.32325481,4.696635462,7.642875973,7.762992553,6.32690712,2.96333645,6.20542934,?,2.966718488,2.661415211,?,5.175810425,5.317881937,0.918766668,2.563467757,2.585085003,0.649542682,1.319106136,?,6.636991615,1.912437163,1.629200032,3.380486672,3.390830401,1.567115983,1.197221879,?,2.607660641,1.324007198,1.808437554,4.811941438,5.307159161,1.812661337,1.659211396,?,5.320249273,?,2.94970107,?,7.174384705,4.088595779,?,5.120530894,5.764190237,5.275769292,3.966092819,8.339718081,9.385036421,7.198538837,6.290431026,8.182497494,8.610975126,7.287517514
0.89193535,2.826445446,3.502828836,0.918830992,0.145858008,1.205101519,1.679331748,-0.261006808,0.285329452,3.348667747,6.475632126,1.420885423,1.238690707,3.422804553,3.943599533,3.273692343,0.121064005,?,?,?,1.615514795,2.994315461,?,3.072799513,1.23726378,?,6.579687421,0.71923253,-0.786142776,0.262796119,?,-0.871221756,1.13905905,3.598644262,3.99031943,2.213733738,3.719838562,7.315934085,7.548962819,4.103793994,0.698476696,2.569386679,?,?,?,3.806978752,3.883200759,0.220769095,0.081816299,?,?,?,1.684517922,5.092542289,5.772811286,3.610701022,3.191614142,7.877350403,8.038375754,3.123444386,1.87276982,?,2.750417077,1.610323345,3.23918521,5.214870911,5.595274493,5.116129165,3.847971758,4.667291008,4.928873239,6.029618852,0.351090056,2.990581656,3.575568519,2.696570041,1.987774812,3.487135698,?,2.314958073
1.69162354,?,6.240972477,3.278010122,3.061617897,5.601780251,?,3.058281747,1.823442035,3.636149359,?,3.175076872,3.893504753,7.238753463,?,4.553920905,-0.276104749,?,2.947734065,-3.658481523,-4.520679882,?,?,-7.660166988,1.17010414,2.383554203,2.568078568,?,1.760068361,?,7.838192496,1.670893322,0.69963188,3.026423886,3.808171677,0.236259469,0.3874641,2.05199186,?,?,0.297445973,2.544135236,?,?,?,?,?,-0.865267188,0.908485645,3.771552756,?,3.414152962,5.043151596,7.505933454,8.850410536,6.81957784,1.962579359,4.781084612,8.31197011,?,4.665362208,6.71607949,7.75151947,5.038386353,2.76444007,6.520782816,8.460658373,2.563051046,?,8.051172568,9.161092745,7.936123531,0.803575942,2.580552861,?,-0.921785319,?,?,3.746018418,0.782833655
2.47680372,5.354061205,7.559502833,4.590855704,?,7.538157649,7.711029332,8.051537373,1.026054256,?,5.182260978,?,?,7.145770372,8.224739451,3.684838815,0.838064904,2.704106565,3.216852171,?,-0.797790696,?,3.327975049,?,-0.42650074,0.94919399,?,?,-1.122624291,?,0.200638312,-3.462917967,1.00127374,3.354869773,7.828925943,3.40567497,4.626241598,8.259375845,8.575503077,5.80572998,1.678404459,4.084496821,5.747310342,0.123985383,0.412444935,2.965893397,5.809178291,2.590492452,2.383166273,?,4.193814413,3.10239155,?,5.858939801,6.329411138,5.375370602,0.450599594,?,0.968112332,?,?,?,?,-0.405941592,2.95185301,5.480157518,?,3.028856456,3.247780343,4.446885058,5.445714655,3.722371486,0.189000349,1.657484232,2.278000527,-0.158325989,-0.792102,?,0.484045013,?
0.10160083,2.718030308,3.221909829,-1.698381479,?,?,?,-1.28921674,-0.031637444,?,2.571967224,0.662377931,-1.144273298,-0.642516051,2.041913963,?,0.837997154,?,3.708839776,?,0.275284462,?,1.959777966,-0.059503741,1.40400454,3.345894494,3.395727285,1.90976537,2.404574327,3.715199282,4.244952338,1.957881421,1.08015315,?,?,?,2.030147799,3.148381188,3.897807383,2.697721812,-0.36779236,0.527467096,2.20418809,-1.022752021,?,?,?,0.190249132,0.24613162,1.138968246,?,-0.563260886,?,?,?,0.698542835,0.153013049,3.044345007,3.509143887,-1.489641201,-0.242607085,3.039511396,3.457626368,?,0.36248651,?,3.302604497,0.842779116,?,4.905179321,?,?,0.377829189,2.550320032,?,0.977944361,0.621233494,1.360458697,?,0.795153888
1.89659455,?,?,3.043490053,3.928872073,6.595264982,?,3.160600576,-0.164564647,?,2.195373809,-0.987907281,?,?,?,-1.285087547,0.332995161,2.881311055,4.394127491,0.816091441,1.095775486,2.613299679,?,?,-0.40824797,-0.010243131,1.017364993,-3.107307261,-1.606900943,1.175035272,?,-1.935698584,1.05464739,3.674877529,3.746956291,?,2.224297055,2.510144014,2.512209796,2.602144087,0.003846142,1.168410531,1.320760409,?,-0.056583285,?,?,-0.415892702,-0.389190126,0.154062534,?,?,-2.546488967,?,?,-3.899684061,1.904755393,6.430039435,6.483818893,3.377397509,4.008466879,5.597319275,?,6.610202892,0.05055556,?,?,?,?,?,4.856985585,1.329701379,0.976168857,?,3.396767216,0.653070046,1.393563174,?,4.955024647,?
1.66852343,4.904087063,?,0.424246669,0.800220003,2.364599299,2.425859217,1.121259483,2.324689404,?,?,1.591205068,3.116154817,4.852874114,5.155830854,2.836296307,-0.526724394,2.833041479,3.449105884,0.833668043,?,?,-0.515717356,-4.37202142,0.52693939,?,?,-1.629057212,-0.00631013,2.090551177,4.091092542,-0.476241209,0.47950823,3.169583412,4.039273337,-1.535645027,-2.357794807,-1.363794889,-1.113738856,?,3.509682186,7.072383059,7.967768948,3.327006585,3.127116241,?,6.160880724,3.612785101,0.766554031,2.801337566,?,2.318578022,?,?,?,?,1.339207033,4.463362198,5.392734399,?,4.187219777,7.709074958,?,5.056264938,1.32564665,3.423604603,3.93536655,2.194748875,1.853431019,3.544472672,4.638766834,1.661496773,1.718737316,?,5.305470784,1.984489399,?,4.210851388,5.31992116,2.436881201
1.04860285,2.150092717,?,1.132835428,?,1.473923275,?,?,1.349913407,3.086276049,?,?,1.651006602,4.284683339,?,1.882664504,1.094787045,2.727870456,?,?,0.296728908,1.802715277,?,0.303815175,1.18699604,?,3.061391398,-1.052552963,?,?,?,-5.149876309,1.06392881,?,4.515631709,?,4.170851153,8.111770527,?,5.921230893,1.305840494,3.860884507,7.578901337,3.156818203,3.215949096,?,?,?,-2.170405298,?,?,-4.910675073,-5.395389887,?,?,?,1.571708037,4.151703384,4.541518003,3.339918309,?,5.982238852,6.189081847,3.085687402,2.01842021,5.015806888,5.561011791,3.85326439,3.650463017,?,?,3.563296914,1.145494492,3.89602153,7.15280876,0.466496886,-0.222787746,?,?,?
2.05676605,?,?,2.516255923,?,3.259337537,4.297114186,3.312194852,2.153698823,3.925031436,4.220494901,0.711420948,-0.649535865,0.37937845,?,-1.253515536,-0.913965606,?,2.597586381,?,-2.454421215,?,?,-3.308142595,1.25763253,2.624832757,2.863292159,?,2.804244423,?,4.45782724,4.730811296,1.80919253,?,7.358764681,3.781433771,3.050599868,5.87555955,?,5.214444382,0.724731888,3.890363057,?,0.262485505,-0.191667441,?,5.047923561,-0.330309696,1.027220857,2.652045881,?,?,?,1.128088299,?,-0.825670961,1.636893774,4.62119484,5.030596035,2.604601592,2.100149096,?,3.424446234,?,1.33144121,3.350578844,3.852512007,1.209678535,1.428999429,?,?,1.671133448,-0.498721792,0.683711907,?,1.261472634,0.689315328,?,?,1.931462947
2.66407702,5.925501397,?,1.456176054,0.193171906,2.202038717,2.445309946,-0.603883481,0.864393188,?,3.267275159,1.05953627,0.196038769,?,?,1.089829728,0.683708306,1.222925906,1.558029649,1.478286483,3.545480609,5.774540504,?,3.28505134,-1.77523897,?,0.701044853,-1.58368122,?,?,?,?,1.14754693,3.229758399,4.446918506,?,-1.882031376,-1.617120367,?,?,0.649468472,2.986806105,3.575366373,0.324495866,?,3.61084717,3.914622054,2.640811336,1.573374152,3.859962701,4.066820297,?,1.475307268,2.251356489,2.674111153,1.153271361,1.417371237,?,5.897644368,1.543720932,1.7963345,3.906795931,4.121850601,2.585684587,2.35697622,4.805240538,?,2.677022506,?,7.362822462,8.465516081,5.588235095,1.0747153,2.86183676,3.530286251,1.237999075,1.036269966,?,3.420359567,-0.739395608
0.49814594,2.089400027,2.133546719,-1.220799523,?,0.888652841,?,-3.604735448,0.932069717,?,2.713427227,?,?,3.965084992,4.002694362,0.786357604,0.440728323,2.32690707,2.429068526,0.965279565,0.439336147,3.191964934,3.961869614,2.078152612,-1.45570508,?,0.531900937,?,?,?,?,-8.102100016,0.34931685,?,4.407826676,?,0.798677936,?,1.894058763,?,1.448733734,3.75074935,3.9332383,-0.258098488,?,0.700243731,?,-3.20139582,2.398899156,4.914900427,5.353503519,?,1.298689911,1.443186193,?,-1.108715175,1.997240386,3.561758708,7.416217696,3.128091488,3.997075097,7.157102387,7.839623527,5.387455725,-0.0989491,1.997276026,3.266228186,-0.901489683,-1.418214705,-0.374109879,?,?,0.604620993,2.678733979,3.921213884,-1.554517069,-1.454941674,?,?,?
1.03844346,3.92624245,4.036906129,1.945545746,2.886372594,?,6.598552478,3.911831356,-0.5009459,1.024225635,1.229101344,?,-1.180295192,?,2.304522844,?,1.258680097,3.978814611,5.084520448,3.649865778,?,6.973493368,8.438963463,3.669635995,1.52252574,?,4.090144136,?,2.494213726,?,?,0.610885485,2.94187967,5.320136055,7.263796785,3.515050541,5.14582311,9.182609873,10.71267143,7.18411086,0.840000761,4.117608256,4.205031455,1.429776156,?,3.073067501,4.702457717,1.055354193,1.95420182,5.489291568,?,4.432058086,4.618977695,5.60281288,5.935910372,4.893455664,0.418079003,?,3.112066952,1.144066204,1.25034922,2.609051356,?,?,2.136366,3.964033595,4.646324356,3.435011496,3.019840613,?,5.471421864,2.608437094,0.186869845,?,1.497714952,-0.989948734,-2.113107285,?,0.227055549,-3.345158644
-0.07407075,1.176792609,2.617814288,?,-2.617462363,-2.876914178,?,?,1.465664858,4.5342997,6.099264485,1.10385051,?,1.710160366,?,?,1.192035556,?,?,1.224242515,1.186882258,3.726257864,5.138709179,1.191385956,1.2289498,?,5.306881778,2.672869543,5.198275371,7.219971755,10.39926431,7.278528395,0.40902867,2.181858749,2.448236581,0.897164857,2.518833564,?,?,?,0.577876062,3.252537525,4.444015866,-0.613962087,0.449954645,?,?,0.058493866,1.033365068,3.442884451,?,-1.061576318,-2.153984614,0.104953756,2.75005713,?,-0.420072306,?,2.616905258,-2.809943678,?,?,?,-5.548160961,1.82168291,3.830065726,?,4.286583137,?,6.533237217,?,5.115087548,0.410691623,1.936831189,3.138649291,0.24859099,?,0.598961299,3.996122543,-2.631200617
0.63037798,1.728644936,1.807406882,-1.339366574,-1.295244914,0.750637261,2.343943067,-4.823561595,0.893888044,2.335761719,2.465196708,0.756898677,1.20750204,?,4.608492902,1.546338902,1.006675056,?,4.728463398,2.059756074,1.190688934,4.159470999,4.459487399,-1.301590161,1.63524905,4.671484559,5.071610069,0.932472448,0.59820665,?,2.194856672,-0.793876195,1.24642481,?,4.110895955,?,1.46044192,3.74644664,4.791401225,?,0.804937184,?,6.258720905,0.727290906,-0.018595483,?,4.064066264,-3.105426974,0.148918548,?,?,-1.918637077,-2.24904753,-0.345407616,-0.176556851,?,1.638649843,?,6.06287449,2.920366353,3.976091465,?,10.21538849,4.858802146,1.58803626,?,3.060578901,2.149258865,?,?,3.089111912,0.477993861,0.867111044,?,2.704200873,-0.250664214,?,1.695765689,?,-3.666553511
2.41854729,5.136558075,5.450777558,3.566009024,3.302945156,5.256519052,7.457821505,5.295390974,0.835981657,2.040534814,3.293495484,1.316764981,0.468372368,?,3.798289964,0.989129927,1.503776179,?,?,0.770095379,0.257907567,3.455185923,3.863631524,-2.197664838,0.50181646,1.409090252,3.196856457,0.694144742,?,-0.101126848,?,-1.750466931,-0.17272236,?,3.191401393,?,-0.896068798,-1.020722651,?,-2.224244845,1.871087959,?,?,3.439659563,4.003846828,6.687856621,?,4.069182911,3.36600419,7.943254561,9.350043474,4.903339718,4.56568155,6.42388203,7.154389661,4.290982385,-0.352942912,?,?,-1.725271462,-0.550817483,2.083451619,3.3758818,-2.238782497,-0.82087251,?,?,-2.564114318,-4.253319586,?,?,?,-0.004390829,?,?,-2.339522836,?,-1.670655717,?,-4.339606134
1.3646086,3.830639895,?,-1.132196416,?,3.12276467,3.128499502,1.571605312,0.597350932,1.802039737,?,1.359695755,2.871566263,?,5.415083394,2.872060649,0.446453599,?,3.51519666,-0.284385418,-2.470406071,?,-0.046478005,-3.893267805,-0.01606516,2.338504718,?,?,?,5.994976623,6.110090429,2.619536591,-0.71478342,-0.139437077,?,-3.409539271,-3.159049107,?,?,?,-1.765933398,?,?,-5.128628151,?,?,-2.901237582,-5.895459913,1.502083103,2.604941971,3.053580307,2.197321282,2.493324121,?,?,2.475773308,-0.45791451,0.490124414,2.828203678,-0.806709931,?,1.97471676,2.816709412,-1.375398039,-0.44980438,?,?,-2.107577634,-1.51378969,?,?,-0.746153873,0.103890663,?,?,0.084529569,1.097790646,4.083731874,4.351504465,-0.025391193
0.42338083,2.466509464,4.103784648,0.005302651,-0.220220249,1.471675741,1.644405641,-0.886314607,0.169881254,2.435563672,2.796622283,0.357424243,0.449626652,1.436670371,1.789139767,1.238420497,1.588695311,2.999952795,4.052378744,2.667402802,3.640607108,6.101579868,6.423964309,2.367911092,0.98363542,4.075383917,4.672285076,0.341045177,-1.521848776,-0.363271416,1.272334151,-2.917284548,0.51254758,3.027537979,5.651763346,0.760340784,0.918561057,3.309147889,3.489225921,1.266381654,-0.900400221,1.088336851,1.565633738,1.470188479,1.370316622,2.43329644,3.030654266,1.541748353,0.797879033,2.025000829,2.231277612,-1.741708366,-0.28641376,3.123885307,4.568648579,0.70283771,0.123899507,-1.041310331,0.074300886,-0.768273038,-0.805120569,1.195171747,1.369213865,-2.135907704,0.63284061,2.657875359,2.858486205,0.511492195,1.366481875,5.386244369,6.03142038,2.716413257,0.622606752,2.204840146,2.530727838,1.884236035,1.821660342,4.226610595,5.367382069,2.378503914
0.51906728,1.521920472,4.776186207,0.275600086,0.15210304,0.877244936,1.0064548,0.369650732,-0.314526137,-0.105967242,1.377646979,-1.901877945,-0.699032477,1.216773248,1.504441441,-0.887281952,0.956313331,3.499151068,3.751046019,0.583150158,0.332487,2.257122211,2.768460799,-1.993005464,1.13741773,2.199390176,2.730512174,2.727526158,1.776344557,3.433110089,3.928531323,2.444867004,0.64342158,1.761556111,2.278212518,-0.452975379,1.000337989,3.748065642,5.092725373,0.819824886,0.618675305,1.450625231,2.593415757,-0.513920317,-1.558305101,0.146370039,0.3007887,-2.391009463,1.319117597,3.08355573,4.40770272,0.161285764,0.049323876,3.155315766,4.126756823,-0.569477896,1.301969987,4.128762995,5.064223147,2.469145006,0.619774248,1.535815608,1.911077882,-1.653221947,1.61752412,3.521940829,3.843935549,0.524725588,1.658589843,3.076620604,3.190879232,2.169373016,-0.771259234,-1.237602907,0.379912722,-1.508322392,-1.71279198,1.16222057,1.906905166,-0.523381211
1.45731062,4.468737135,9.06598457,2.822501621,1.433919113,2.325539409,2.385319015,2.148702234,0.775048569,3.372446558,3.98019751,0.016928528,1.701675167,4.96605762,6.403328044,2.54136315,0.763216301,3.819102569,4.475383771,3.670717571,3.815971022,4.736392143,4.746313042,3.027672143,0.69586327,3.73205514,4.661529034,1.117307396,1.064148728,2.139181481,4.031795145,1.348134917,-0.58231553,0.396489867,1.30904961,-2.537599037,-2.663510578,0.343548647,0.741962478,-2.597528609,0.960404418,2.844923191,3.610693273,0.850177871,0.391954922,2.766684164,4.069824302,0.338222807,-0.315862137,1.305745784,5.118925936,1.974863504,1.486744459,2.735604316,3.238321483,1.338187361,1.24655285,3.341521644,6.008571802,0.37502916,-0.298735872,0.905656301,1.833951965,-2.191848806,0.40299677,3.415483273,4.351828838,-0.058798359,-0.297499628,0.724834512,1.290152534,-0.552574858,2.277235517,5.833378967,7.480281501,3.090138885,2.623575592,4.359558247,4.702831512,1.744761035
2.16171541,5.204323085,5.412926246,3.894708814,3.071187239,3.437878955,4.098153924,5.035479204,2.423048558,5.573202794,5.838575964,2.071311444,2.902340561,4.571616434,4.79129805,1.199911898,1.292356584,3.906950272,4.826183044,0.484798965,1.26402495,3.673839815,3.867021467,1.554583341,3.06250434,6.449594351,6.610730357,4.05170177,3.999368803,7.406363447,8.379662397,6.364690804,1.00342181,5.016738511,5.272191342,0.513859842,2.019120445,6.98422113,7.142886291,3.097354591,1.689348901,3.765813259,4.328021371,1.99079278,2.842590398,5.64559068,6.18859531,3.515604172,1.42019095,2.720748779,3.423222025,3.140774212,3.602186132,5.764572292,5.951155432,1.820769697,1.984193734,4.145865156,4.442012886,1.451100809,0.94295016,2.711105734,2.977196482,0.853052459,-0.43686493,0.446052569,0.880914771,-3.018913214,-5.261709118,-2.183992185,-1.855066076,-6.576198706,0.229884961,2.683241206,3.659610111,0.643727603,0.447146192,2.204482366,2.554940463,-0.821270439
0.64785493,4.606148015,4.741185768,1.011077565,0.374783942,1.9169288,3.419177784,-0.729983081,0.231082169,2.370542052,4.058898018,0.608465004,1.405847015,3.612323588,4.031121142,-0.06922305,1.521683998,3.890963716,4.768081622,2.017125016,1.939546457,2.547444075,3.108579512,0.880562376,0.76922336,3.544880391,3.762249327,-1.834092134,-1.201707912,2.173787403,2.215565119,-3.39043153,1.33155667,3.119734034,3.89708683,1.76082842,3.251166264,5.133986481,5.145270326,6.087188173,1.527927481,3.605574916,7.4343082,1.862767334,1.388039078,3.668346546,6.294710864,-0.692829367,2.694100169,5.804186656,6.462349012,1.868013599,1.556502094,2.763584065,3.318943143,2.8962494,1.131956324,2.831295175,2.886505136,0.289889774,-0.49357209,1.04521053,3.208419295,-0.030284092,-0.29512437,1.104921597,2.621325566,-0.072853871,-1.384806583,-0.909339966,-0.184341834,-3.171878879,0.96953131,2.981394112,3.328146728,2.244017938,0.287611839,1.432828777,2.635625519,-0.915890289
3.00744942,4.434880775,5.166134629,1.987818826,0.955833444,1.968137095,2.666615103,1.808816979,2.507410462,5.02518774,5.13722711,1.699400588,1.08661195,4.664665445,6.417772469,0.819852886,1.214679529,3.442344622,4.444841846,1.238945007,3.081785198,7.080662384,8.309633385,5.82061075,0.52391472,2.82436819,3.168606574,1.622910135,1.653082154,3.832386416,5.223710288,2.624118517,2.13966708,2.881425182,4.886863267,3.788409593,4.906727886,8.386790063,9.623428443,6.747482998,0.437165221,2.17072187,2.365414435,0.300386874,-2.059181724,-1.168587805,-1.094761479,-2.223327741,2.248193052,4.899371437,5.311635,3.264828621,3.958606122,7.250852647,9.301169858,5.554155555,1.665117613,4.013326096,4.250617875,1.220388887,1.24194425,3.75472571,3.759876188,1.404979848,0.50475586,3.24566634,5.133372668,0.635161408,1.375020461,1.816654988,1.931984228,-0.713933617,0.589453904,1.389086259,1.498905812,2.263584982,2.39596641,4.243576666,4.326487975,1.469325706
0.41509167,1.505431525,2.377804631,1.718389416,1.605761109,4.715720431,6.134942221,2.25319745,-0.163610957,0.609687734,0.894730123,0.089420289,1.789532048,4.845099028,7.308661305,2.634903395,2.278342776,5.120119984,6.084897363,4.710030671,5.204802195,8.169051395,8.186625382,9.443293,2.88246362,6.068458725,6.806017672,4.461085419,4.849712715,6.584071989,6.704697819,7.380829782,1.44379634,4.156743937,4.702081793,1.723910063,1.995382615,3.541106019,4.19081622,-0.148037689,1.585313714,3.654756102,4.071428879,-0.283663811,0.604707441,4.729807424,5.535043181,-0.023096042,-0.395455904,1.035355116,2.105770042,-2.668475178,-2.861914178,-2.07282526,0.228029869,-5.412911587,0.899051422,2.948034936,3.534651156,1.024448245,-0.618454999,1.072463137,2.164099639,0.558478578,1.56998067,4.312146649,5.307743245,3.083859706,0.662317067,1.78430675,2.232842437,3.253809028,1.816052019,6.76707718,7.785321008,2.965383837,3.83983767,4.925075621,5.076918288,3.59330644
0.60308679,3.317874243,3.794095893,0.580131149,0.761810114,4.911969804,7.021592992,1.69694213,0.248935595,2.365458257,3.66270204,1.178119188,-1.276293826,-0.815997511,0.812854141,-3.996559657,0.691625047,1.41122107,2.077356683,-0.146158774,0.237588999,2.840714366,3.198543016,0.509396215,0.31466029,0.715960464,1.687533296,-0.553995523,-1.272950079,0.965414344,5.056901764,1.258748663,2.3586743,4.222388788,4.274712335,2.382567262,2.662936388,5.426487136,5.668868289,2.395955186,1.329926222,3.520299514,3.600152144,-0.150537997,1.419172581,4.811150348,4.816056044,1.286013775,1.978169752,3.272524719,6.07173768,3.033443043,4.067675924,5.208131372,5.894812919,4.216908418,0.748832963,2.732093373,3.25263479,0.930696343,2.272046486,3.56671823,4.326409142,1.35304745,-0.38354091,1.713765937,1.835844579,-2.889034871,-2.252333937,1.302172214,1.356051687,-2.789323392,1.250224317,3.719364129,4.765444929,1.266388189,1.275610961,3.699760375,6.227791043,0.021007784
1.94583945,3.180569578,5.027780865,1.080667311,-0.217740999,2.634445003,2.899587552,1.608422865,-0.240328267,1.629622705,2.884505249,0.357594356,0.251506527,2.911408932,3.697503146,0.768808658,0.211132659,2.903362117,3.107389265,-0.621154739,0.01415421,0.692912312,1.199664635,0.425905227,1.19678652,1.827250392,4.090229997,2.974034881,3.456354475,5.94859994,6.031632446,3.090347377,0.83755544,2.545960147,2.795378002,0.858758374,1.39460092,4.224299026,4.626217787,1.603295585,1.936675334,2.383412574,3.568309413,2.834795299,4.048490177,7.041772031,7.122399225,6.170374938,0.726762537,3.721485299,3.804011887,-2.225607214,-3.783817443,-3.296527485,-3.248438736,-3.358966179,1.18687291,3.697354358,4.777870918,1.859732749,3.304431721,5.287136261,6.872462383,5.506622753,-0.35598709,0.152676679,0.498372829,-2.126971997,-1.548012994,-0.611557019,-0.363292127,-3.909182756,1.466834153,3.178417296,3.995806294,2.578720621,1.240913626,3.059952485,3.926973373,0.774069731
0.76365138,1.72339849,1.851129743,1.457787659,0.500570951,2.367851691,2.8450673,-2.210453082,0.555926567,1.712008405,1.984322601,0.166232218,-0.83238806,1.271813772,8.877061986,1.250348014,-0.661236145,0.743448789,0.950430016,-0.016880049,1.138198544,4.353187902,5.865519615,2.937193442,0.62556044,3.014670415,3.705883907,-0.266092209,-1.916655574,-0.622587567,-0.06360431,-2.53138683,0.07851584,1.931257787,2.329928715,-1.274312434,-0.039297015,3.693553423,7.348874588,0.175268957,0.148262884,1.756058583,2.419509194,0.713535468,0.544084367,2.406304671,2.545711618,0.820325932,0.201239702,1.115299754,1.271816794,-1.403589015,-1.412681843,-0.221725077,0.077657759,-1.89976844,1.04859741,2.892826883,5.771719557,-0.00282038,-0.275806195,0.878838636,4.205445224,-0.82834556,1.539591,4.477539297,6.690537644,3.336483232,3.335791833,6.424616215,6.498602667,2.216040538,1.404029277,2.086826218,2.458372792,0.929589473,3.120148604,6.366313652,8.108305415,3.583716653
2.06456064,3.236871586,4.825004624,0.810379584,0.10838863,2.299733193,4.082929728,-0.272123998,2.872817489,6.792660432,6.946219711,5.998909749,6.352547614,8.124291184,8.314061835,7.382146096,-0.430822176,0.239777296,0.371172985,-1.428562744,0.504733176,3.283150045,7.156104055,0.581324504,1.89913158,4.930878412,5.286684951,0.829275346,0.591474329,1.220173503,2.976281136,0.719123345,1.16743927,2.683352022,3.102726633,-1.543946549,-0.657246133,1.195122866,1.866707387,-1.694478961,0.820686176,1.78426637,1.802230452,-1.270649081,-1.276333449,1.513781886,1.828008468,-3.909391451,1.669663419,3.719460686,3.870469219,1.247308057,0.910936928,3.343160491,4.757834673,0.668751196,1.269285011,4.558199308,5.262183582,0.807674176,-1.13002607,-0.108148073,-0.060606437,-3.135430938,2.97678036,4.961229281,6.155807638,2.710828801,3.714785384,5.523982661,8.306007922,6.235442013,0.928591828,2.981731345,4.556647318,-0.714649179,-0.371500199,1.998750316,4.252055609,-0.907625177
-0.44654642,-0.568831036,1.419630792,-0.392797791,-0.053501771,2.629789634,2.721817073,-0.684772175,-0.671297182,0.47260381,0.660167459,-1.438105838,-1.179401301,0.582064962,1.638584652,-2.542841811,3.112580667,6.059980136,6.132686206,2.971318958,2.934683942,4.418729228,6.217813694,3.717942358,1.74155983,3.229773371,3.969067038,1.444231795,0.452985094,0.150661412,1.423099446,0.067290056,2.29765525,5.872092091,7.269531505,1.89843999,0.523634638,1.238761505,1.440093698,0.295056961,0.977609577,4.269359586,5.34453482,1.249596275,0.612432003,1.683146407,1.755804856,2.037915973,2.108746879,3.071724043,3.248527061,0.967048249,2.383542033,5.437942655,5.901074174,2.787601122,1.323704306,2.695423641,3.092885029,0.537373691,0.454073593,3.492880206,4.304920529,-0.930610471,2.29655226,4.173008826,5.614792508,1.412003896,0.162577856,1.457423288,1.992758435,2.714249916,1.498506244,4.460233115,6.534670394,3.363635685,3.879986952,7.771961297,9.476195866,4.73027315
1.75256337,6.093710026,6.30277284,1.14381103,2.218578991,4.87228094,4.926171122,1.790346065,-0.296277037,1.045311125,2.325631017,-0.086922659,1.667636768,4.751855276,5.186172375,1.412512814,0.548245768,2.564004427,3.319081104,2.589714077,4.847713592,7.878041968,8.098557238,3.31214927,0.36457101,3.479445369,5.775408822,0.815139213,1.347800467,2.223905446,2.496763695,0.917596017,0.58707228,1.265715849,2.655155586,0.672181874,1.962169385,4.211339725,6.855147222,0.376927681,-0.022090699,2.481917039,3.26079504,-0.151692863,0.583813786,2.679231797,2.857190742,1.752309228,1.144063555,3.497325238,3.833491572,1.420622324,0.544945235,1.723733376,2.025801533,0.358557053,2.755298006,5.836883897,6.204359078,0.99720515,1.672409715,2.501670936,3.388447037,1.021085967,2.3009459,5.042194465,5.297830943,1.372975803,0.770498325,2.956835867,3.078654639,0.571151963,-0.102957587,0.811716745,1.177350497,-1.243117812,-2.119432735,-0.002049075,7.137225115,-0.718514415
1.97709754,2.954968506,4.021669466,2.306673568,3.370250586,5.555280878,7.183266337,2.792141287,-1.45403349,0.286446844,2.498938958,-2.698941014,-2.162756864,-0.559873929,0.142239932,-2.026535527,1.699818426,4.312065141,5.568718711,4.003806863,3.706019428,5.554475279,8.750415539,4.562281765,2.05005116,4.123900528,5.514576738,2.908005292,2.231746264,4.204648939,6.222360698,3.758865578,0.56264643,2.810985038,5.324224562,2.797911041,3.915801227,6.818989262,8.267399086,4.7385749,-0.416688687,1.545278076,3.74959749,0.7710364,0.439568229,1.312348596,1.682400669,1.882094424,1.545548834,4.635963536,5.151803621,1.298407389,1.492145931,3.719859592,5.160127509,0.645636042,0.721087382,4.060210203,5.209020309,2.040491422,1.710634653,4.295506035,5.155157848,1.69859774,0.64842839,1.890286742,2.156980147,0.618843034,0.602290561,2.459852795,2.8787327,-0.075884739,0.012585637,-0.589605843,0.639247921,-1.111827884,-0.555116676,0.592051039,1.436691494,-1.032927361
1.13933331,4.007562032,6.896334092,-0.013647724,-2.273066684,-1.298196218,-1.118767222,-3.620443105,1.579464221,3.204729665,5.322276321,-1.521828104,-3.496586642,-0.785051367,-0.702642894,-5.438551834,1.853317812,4.887114384,5.567604605,3.857741413,2.928250168,4.260111863,4.72658594,3.346614573,0.30300173,2.542093998,3.380780873,-0.206998032,-0.622664557,2.606841573,5.050121175,-0.585245016,0.57154472,0.71037364,1.113157779,0.746900305,0.621524205,4.453982266,4.683856236,-2.299964497,-1.67022265,-1.404582518,-1.371510389,-3.067270506,-2.100764314,0.271532554,1.33107024,-3.545085516,1.710978918,2.631340035,6.35971439,1.731158707,-0.246704773,0.988942426,1.766906744,0.333356682,1.722432329,4.1702936,5.508120608,2.582103218,2.545344424,4.190578491,4.627201116,3.008122287,0.97157744,3.118969107,3.732135972,1.038616991,-0.682070304,-0.057013822,0.331840378,-1.199515026,0.611037227,2.950994049,5.839734011,1.283972099,-0.195418993,2.412083219,3.20731216,-0.155622203
1.17161785,3.29901695,3.371158892,2.28993627,2.658390184,5.189988011,6.110597344,4.705164118,-0.11657609,1.675426797,2.345692148,-1.87010248,-2.452302412,-0.907400468,0.886478649,-1.477066348,0.638452627,2.588244454,4.017510152,0.261787364,0.974663648,4.826697219,5.575323736,0.648079924,2.58164496,4.079126818,6.192159165,3.467388105,3.293947347,4.667337605,4.784923053,4.933749646,0.46807756,2.04628537,4.676275442,0.820968384,1.143582767,3.829666621,5.32454624,-1.078808572,1.62080783,3.243186421,4.741554615,2.479007346,1.124438991,1.778103898,2.46738729,0.298674096,2.274167633,5.064069983,7.410008794,2.536677731,3.510133471,5.352615374,5.457492176,3.612433046,0.894479655,4.116594126,5.579803128,-1.145668678,-2.671989413,-2.267448336,-1.930509518,-3.516480473,0.89371543,1.975591234,2.350695342,-1.241184212,-0.929571555,0.038412844,0.720789689,0.273960634,-1.241726535,0.210938009,0.458622794,-2.62727986,-0.317281988,3.703792764,4.829433827,2.38901688
-0.52763217,0.944668752,1.059353094,-2.247201727,-2.015702267,-0.506140885,1.818249352,-3.661701955,1.787322618,3.837376901,5.632750203,3.848561418,0.703913862,-1.212109855,-0.490151912,0.411666897,1.532667963,3.842688634,7.259404668,2.580521552,2.441236425,6.764775932,7.850621516,3.104663002,-0.18733469,1.537563116,1.729759552,1.659525582,0.186742959,-0.224072698,-0.023332413,1.064633488,0.89415097,2.156529143,4.087378612,1.518965237,-0.143290242,-0.482289762,-0.329212297,-1.373052086,0.967593044,2.326233546,4.273267261,-0.339222022,0.427691149,2.678060828,3.121506664,0.717856921,1.540785057,2.791324091,2.985887177,0.407881218,-0.906740023,-0.143198371,5.046836818,-1.495407422,2.071510008,3.032128959,3.214962865,2.148259437,1.276504498,2.223875596,3.008246377,0.473854077,0.63759707,1.609344883,2.348498657,-0.802148042,-1.112475709,0.513442487,0.908505112,-3.018787936,0.225803669,2.449618554,5.147834823,-0.640715339,-0.453148685,0.616631011,1.428007545,1.247066608
0.93622495,3.230708571,3.264400752,1.490300116,1.891269227,4.031661049,4.096525376,1.040607277,-1.250235394,-0.734429746,0.166578238,-3.448174343,-3.79714553,-1.963929015,-1.045159913,-4.107651475,-0.158531923,3.58730763,5.694628626,-0.225228568,-0.751225081,2.408372398,2.493610692,-1.259942629,3.08776594,5.730525323,5.916584498,2.824249248,3.350080674,4.054177059,4.704578417,3.236554224,-0.15630314,1.274798908,1.990036056,-0.856060703,-1.457552459,-0.226055102,1.309460875,-2.788149608,0.874516272,3.377720733,3.46445078,0.631320627,-0.626736021,1.060001959,1.582700104,-0.911869413,0.536300886,2.48301836,2.732033136,-0.938262156,-1.052923524,-0.316050872,0.927793731,-2.648396716,1.438560123,4.534335869,5.524152681,0.983673081,1.16350199,1.191118866,2.922789897,1.698726704,1.14543805,4.079405471,4.397167417,1.096988355,1.534932419,3.155159234,3.492217324,-0.211611697,3.084986081,5.954344787,7.694174933,6.162535022,6.249942053,9.417930256,11.60162012,9.885384513
1.90279908,5.497935874,6.541029218,0.909596312,0.445091776,3.268850017,4.125049893,4.154918683,0.734651371,2.80258657,3.116939117,3.00638273,2.48004238,3.827913494,4.654036058,3.429474193,1.593900456,5.286899924,5.754634388,2.625368413,2.392941427,4.239653835,5.575544369,3.461776057,-1.50695392,-0.373442764,1.330081814,-2.472043199,-2.954586445,-0.033278421,0.857708656,-5.019914324,0.78215586,2.308279574,2.767538236,-0.30457971,-1.61192023,0.187045711,1.949053075,-1.038408236,1.089984166,2.303707516,2.894990187,0.121922537,-0.376647393,0.982854039,1.975320686,0.793951247,2.291580855,5.688366435,5.988821675,2.181534443,1.837068228,4.775470679,5.412470124,1.98183817,2.248613263,4.908630966,5.317978359,1.84406598,0.798110831,1.219914332,2.129024221,1.403661778,0.46509644,2.074818673,2.08676889,0.311929241,0.981581769,3.608606752,7.050847905,1.344374095,2.914452589,5.308595988,8.276761292,5.348468651,6.926737988,9.309701004,9.679803823,8.227538675
1.80534612,3.414137205,7.120012812,0.792398941,-0.193566977,1.160880271,1.430669954,-1.688772017,1.943719129,3.879738314,3.983170722,1.549705152,2.386749585,6.02864778,6.860076598,3.494481879,-1.330132999,0.253519978,0.638099072,-3.890442289,-4.114119329,-2.149584564,-1.926869613,-4.346167144,2.02973108,4.970651928,5.155477488,3.599354087,2.800362988,3.065164177,4.264257553,2.39977854,1.63265213,4.025958526,4.19161306,1.848396377,3.074678509,6.387269865,9.943738699,4.464688468,1.554024821,5.342159428,9.646086724,4.704695674,5.494082527,7.911007662,12.15022005,8.938462841,0.883989767,3.495353598,5.937728666,0.807016316,0.410038255,1.606944505,2.153904775,-1.390492189,-0.627886628,1.258778999,1.344651361,1.398691569,2.224914889,5.285223503,5.605903302,2.978681363,1.66250609,5.114135415,5.304965957,2.126993856,2.191116304,3.019527149,4.042606525,3.652223687,1.020875097,4.024706636,4.595843252,-0.035956604,-0.297487687,0.36934571,0.627393027,-0.499931982
-0.08481926,1.357421483,2.710533873,-0.421780783,-0.412491537,-0.670059406,-0.575875137,-1.202323128,2.058901066,4.72596884,4.852695067,3.646749837,5.598585589,7.420769316,7.881160733,6.675494158,1.316008254,3.177213,5.003260278,1.386209142,2.537840585,4.96343329,5.024660751,2.736058543,0.68344482,1.360459076,2.280723687,0.667476015,2.073183115,6.282075806,7.214696728,1.249904994,2.44601997,5.878922826,6.525891423,2.828600595,2.938009785,4.294448817,4.463709425,3.150791591,3.311363732,8.108060878,8.83175138,5.394916018,4.415199959,4.275199974,4.350568838,1.122932991,2.121377547,4.405161401,4.654366511,2.878904709,3.314867524,5.059696784,6.78679138,3.961425338,1.71771656,2.806524661,2.896792877,-1.987438292,-0.610489055,1.802855619,2.257652194,-0.658005773,0.91630379,3.271445223,3.640574478,2.995441759,3.524649758,5.755766153,6.083606478,6.012175915,-0.36505581,0.684143718,1.410236842,-0.441197425,-0.127623269,1.04717988,3.053195753,2.093627376
-0.66951796,1.4507126,1.909467728,-3.074704748,-2.49482282,-1.449664051,0.604579857,-1.081633718,1.878574648,4.750267523,5.857757503,3.825299037,2.649738244,4.730188223,5.003009202,3.439815576,0.029812155,2.354884684,2.689421071,-0.857132529,-1.746567156,0.713006645,0.739512556,-0.196571871,2.03065908,5.409910626,7.248993473,2.963583326,3.203721159,5.314697872,5.740415125,2.038746791,-0.87500479,1.575018615,1.594461756,-1.410016785,-0.651710234,2.251958862,2.641125565,-1.348528227,0.60786571,1.519535868,1.733973303,-1.837601858,-0.660080822,1.736446788,2.000116305,0.937436446,1.196413381,3.005309299,3.041831894,0.573339585,-0.308047016,1.055552307,2.254247433,1.587885625,1.699516138,3.339196034,3.646884579,2.910848316,4.041212415,6.984641682,7.005468315,4.077366674,0.0196765,1.928950092,3.944791436,-3.027564816,-3.869272113,-1.496761253,0.078170421,-5.293518637,0.452533765,2.980230208,5.46164046,-0.984229875,-0.664352399,1.191208717,1.775844842,-2.01625163
1.25034895,3.337967707,4.370471808,1.10076308,1.179389488,3.794199164,5.26378452,1.284713943,0.53080784,2.845666543,3.91484119,0.727327765,1.784623475,5.109506554,5.568270043,1.177593581,0.786358749,2.677057089,2.987967257,3.012117152,3.220219826,6.901767575,7.258396888,4.555530137,0.70413603,3.432710448,4.0503279,0.309863617,1.404623143,4.155668086,4.433360158,2.689196648,0.47484268,3.313668189,3.483674322,0.641004557,-0.228832337,0.742381439,0.785743831,0.953575014,0.459866384,2.293174485,3.04417274,1.639924114,1.570387017,2.659057941,2.983160378,2.28418784,0.294721382,0.826218393,2.367040626,-0.321108314,0.070280115,3.789783982,4.523326944,0.244899208,2.413162109,7.449276573,9.536287691,3.085905511,4.255420156,5.211186428,5.379620182,3.631274574,1.278069,3.149427157,4.41417723,1.257375093,2.437902727,4.754258904,5.001919175,2.184239738,2.084881813,5.999142856,6.816405713,1.751690282,2.298308007,6.363372934,6.527573011,3.978523399
1.36865899,3.668437847,3.760993052,1.078395737,0.882003775,1.503850617,1.839293666,-0.021250051,1.271475054,3.287387695,5.407771031,0.640136112,0.898367925,2.642811521,3.725345939,0.591321923,-0.381160791,-0.277192255,0.139811406,-1.590067399,1.252937307,5.54525915,5.94716442,4.062785715,0.65893888,1.73074126,3.010810508,0.253205524,1.096135161,2.728726747,4.705935095,1.143300866,0.80440202,1.214247596,3.38813879,-0.32948927,-1.190476235,1.175516954,1.238276485,-0.210343641,1.94905075,5.220075485,5.615129989,2.620957567,3.470664409,5.334433103,6.607912447,6.385273589,-0.519828747,0.059538537,0.945155577,-1.642677328,-3.371097734,-1.017595298,-0.965772886,-4.041105319,0.981236893,2.800725611,4.387483071,3.323271208,3.474864282,5.201300496,5.522431973,2.572513614,1.08481606,2.591947248,2.76824974,0.908486764,0.355986975,1.623162486,1.835851936,0.972543888,2.033370558,5.378383054,5.995066278,2.330673825,1.968777239,3.42446234,4.852591465,1.059278334
0.83722227,1.644804611,2.646679616,0.593162954,1.152708698,2.713897196,2.778965525,-1.023709376,2.078736644,6.732161941,7.854334688,2.990383188,3.328907488,4.865505834,5.005148176,5.41721726,0.295496908,1.598415118,2.449520181,-1.562688123,-2.430851017,-1.110373008,-1.09455652,-2.928529533,0.25921199,3.076392125,3.223736645,1.103651132,0.02750772,0.680843775,0.783400341,-1.674293758,2.17958718,4.291067706,4.588726666,1.585226686,2.751511415,4.813454644,4.868251908,2.415325228,2.557276134,4.148322919,5.534645257,2.384232746,2.776422079,6.141492887,6.371539065,4.019431573,1.262033154,4.383182922,6.649483334,1.251472734,1.618983372,3.758418466,5.056003894,2.492801615,0.576102301,1.61878874,1.930538239,1.080312211,0.10210426,2.787468011,2.876720645,0.298492362,1.30858176,2.82832121,6.109173149,1.22997075,-1.034014648,-0.311024439,0.440557174,-3.520302151,0.688787987,2.96883233,7.932978451,1.937199967,1.693708631,2.916498442,3.285404582,0.994595079
0.50274749,2.255339032,2.542144296,2.826295927,2.196955076,3.335595956,4.25395896,2.092262026,1.357197206,3.742663691,4.848942465,1.150421941,2.44825396,5.016778609,5.311986988,5.317797473,0.723461626,1.355227958,2.152730512,0.093726217,-1.671771496,-0.376014109,1.389695772,-1.304770133,1.75718524,4.644691826,4.676026452,0.073749548,-1.294079169,0.573993015,0.592531281,-1.440772478,0.47560629,1.647324129,1.956399691,1.179124419,0.57497812,1.466427674,2.769401916,-0.19782891,0.995638255,4.084420569,5.610938959,4.559597943,4.716835124,6.482773676,9.558339406,6.17592619,1.388072988,4.986220068,5.671394293,2.855488337,3.246457695,6.527102465,6.817448845,0.18794064,2.677746094,5.367554099,6.50539685,2.129973001,3.054825358,6.532866854,7.310887571,5.136340162,0.36404722,1.037351488,3.312823148,0.355594651,0.285708072,1.367361672,1.646539857,-2.323868189,0.358767743,1.356188554,2.37124074,2.68673638,2.884330364,6.377512167,8.367780755,3.590672977
0.4549418,3.794576261,4.490096346,0.594452528,0.252185128,2.202599562,4.404255557,2.154632767,0.312807992,0.815673841,2.049540073,-0.732574299,-0.438286008,2.4913478,4.238772263,-1.651675028,2.318978801,4.975574334,5.290113251,5.372198652,5.861478599,8.072664784,8.584842825,6.238059528,1.30394216,2.831933501,3.052116752,2.674304441,2.150076504,4.254294762,4.485970602,1.611359597,0.96302572,2.88842227,3.030357234,1.306707821,0.007961141,0.089282791,1.157105707,-0.205226112,0.083746392,2.802961767,2.873674641,-0.653510794,-0.314077344,2.147996383,3.613164806,-1.622089455,1.874774839,5.092818186,6.309685947,2.990645372,4.032850843,7.136817078,7.484939515,4.888330314,1.411770749,3.434794966,3.785568034,0.463085365,0.919576341,3.19339711,3.991759736,-1.445945185,1.86569308,2.303500007,2.358299961,0.645533446,2.435315667,4.877388145,5.348702975,3.283373313,-0.680128135,0.099981531,2.825666397,-0.620346775,-1.064843545,0.26034194,1.239498395,-0.32967423
2.71319173,3.788827576,3.931663853,0.522210779,1.67308653,2.551332787,3.373612745,1.42907043,0.705313922,3.166459982,3.625886461,0.556564095,0.72070225,2.371459222,3.350325686,2.256151993,-0.108583756,1.793641686,2.866781383,1.490250562,1.896601223,3.71852347,5.841433158,-0.058960745,0.35473447,2.831353285,3.053023071,1.604267228,0.951352492,2.003788419,4.057236282,0.911759927,-0.90229103,-0.322353612,0.59299187,-3.081939973,-3.614943792,-1.458442615,-1.429604559,-4.775097573,2.195763765,4.792088883,5.93373962,3.17323088,1.731316321,3.589273732,4.228335129,1.001888929,-0.007075666,0.944491021,1.771207079,0.513226559,1.559962313,4.410880682,4.429305546,-0.698013848,2.313861699,6.255155278,8.300275675,4.803454615,5.19743523,6.683113124,6.9905781,4.960111603,1.35081699,3.396517335,3.532298022,2.158202011,2.195082821,3.652387757,3.861166898,0.47087832,1.657024779,3.499427963,4.396301438,2.113978057,2.825461179,4.665472888,5.381069329,2.690055121
-1.11675328,1.499721047,2.722300805,-0.296961399,-1.723151416,1.079030096,3.143767209,-0.957363082,-0.311695105,0.024353839,2.159152662,-0.480405524,0.168164126,4.467387815,4.742373563,-0.492151362,-0.223378687,0.25778664,1.995911757,-0.290202617,-0.220131116,0.81137801,1.409213774,-3.108814714,1.63988292,5.488166331,6.433199616,3.001171992,4.256229254,7.190793228,7.246605126,3.542640281,0.21465708,3.071059132,3.282195087,-0.851430802,-1.729151019,1.097575066,3.653378122,-0.521749219,-0.299443444,0.846956375,1.242986055,-1.122672437,-0.833809473,1.9121152,3.507523261,-1.779847548,0.900259373,4.496592279,6.124398509,1.638503134,1.454650918,4.73680676,9.395347924,4.721035762,1.265202656,2.121508181,2.177114119,0.076240873,-0.323697891,0.566695013,1.735446532,-0.914538418,1.28412509,3.075608455,3.323407102,2.035261938,2.985084889,5.226340256,7.31823724,4.624389721,1.641951918,3.596726489,5.418193558,3.142455397,1.646407574,2.369000216,5.928600797,2.499381354
1.79227496,5.109053204,8.002706074,3.429499234,2.746306865,2.946459964,3.160110465,2.607006957,-0.571180465,0.899483893,1.14014165,-2.128481846,-1.36758253,1.040867957,3.381907457,-1.85200253,0.482173211,1.284216447,2.185267317,-0.857996982,0.439823251,3.828909338,3.936991663,1.979256913,-0.57903229,0.674474986,0.969242191,-1.818175514,-0.69392843,0.766765856,2.052217625,0.142006869,0.80170787,2.085404454,3.66695669,1.903721039,1.971919394,3.868319215,4.267408282,1.734352187,1.26851637,4.368654033,5.033391514,1.282739464,-0.949993944,-0.551876563,1.205966514,-1.414171152,0.503331603,2.95241339,4.033180726,1.556727165,1.540640398,3.525749,3.684974181,0.927315918,0.90512163,2.336686992,2.933252248,2.503798551,3.062587206,7.476884598,7.564652234,1.701630989,1.30150916,2.104690373,2.268616746,2.717997947,2.098900797,1.694890648,1.823536391,1.681281012,-0.523084095,0.855889112,1.045556469,-2.187348111,-2.809289727,-0.955123463,0.326182663,-3.876098044
